id;date;en;sk;de
faccd960-4bba-46e1-87cb-fc3dd15680dd;2026-05-13T11:40:23Z;GraphQL security guards now validate every selected root field and JSON-batch item with explicit introspection, depth, complexity, and auth rate-limit rejection codes.;Bezpečnostné GraphQL kontroly teraz validujú každé vybrané koreňové pole a každú položku JSON batch požiadavky s explicitnými kódmi zamietnutia pre introspekciu, hĺbku, komplexitu a auth rate-limit.;GraphQL-Sicherheitsprüfungen validieren jetzt jedes ausgewählte Root-Feld und jedes JSON-Batch-Element mit expliziten Ablehnungscodes für Introspektion, Tiefe, Komplexität und Auth-Rate-Limits.
2c1831a7-1c80-4744-80f3-2d0d4919b8b4;2026-05-13T10:06:12Z;Dashboard personal settings now include Developer API Keys where players can generate one-time secrets, copy them, review active keys, and revoke bot access instantly.;Osobné nastavenia v dashboarde teraz obsahujú Vývojárske API kľúče, kde hráči môžu vygenerovať jednorazový secret, skopírovať ho, zobraziť aktívne kľúče a okamžite zrušiť prístup botov.;Die persönlichen Einstellungen im Dashboard enthalten jetzt Entwickler-API-Schlüssel, mit denen Spieler einmalige Secrets erzeugen, kopieren, aktive Schlüssel prüfen und Bot-Zugriff sofort widerrufen können.
8f72bd16-47e7-4b03-af05-27afcbec1d7f;2026-05-13T08:45:53Z;Transit logistics now include authenticated shippingCostQuote estimates and purchase-vendor shipping efficiency badges so route cost visibility is clearer during sourcing decisions.;Logistika prepravy teraz obsahuje autentifikované odhady shippingCostQuote a odznaky efektivity prepravy pri výbere dodávateľa, takže náklady trasy sú pri rozhodovaní o zásobovaní jasnejšie.;Die Transportlogistik enthält jetzt authentifizierte shippingCostQuote-Schätzungen und Effizienz-Badges für Lieferanten-Transportkosten, sodass Routenkosten bei Beschaffungsentscheidungen klarer sichtbar sind.
322a3d42-1f4c-43d8-a7e9-4f361dbf04c1;2026-05-13T06:25:02Z;Media House operations now expose dedicated mediaHouseDetail and setMediaHouseSpendingLevel GraphQL endpoints, including owner-only spending/revenue detail and city-category ranking filters.;Operácie Media House teraz poskytujú samostatné GraphQL endpointy mediaHouseDetail a setMediaHouseSpendingLevel vrátane detailov spending/revenue len pre vlastníka a filtrov mestského rebríčka podľa kategórie.;Media-House-Operationen stellen jetzt eigene GraphQL-Endpunkte mediaHouseDetail und setMediaHouseSpendingLevel bereit, einschließlich eigentümerbezogener Spending/Revenue-Details und stadt-kategoriebezogener Ranking-Filter.
093dfacc-eea7-4a78-8888-61e1aa911b73;2026-05-13T04:30:00Z;Competitor Intelligence is now live on the Market Dashboard — click any product row to see a ranked list of companies by quality level, including your own position. Perishable products (food and healthcare) now decay in storage: quality drops 0.05% per tick and fully spoiled inventory is automatically written off.;Prieskum konkurencie je teraz dostupný na trhovom prehľade — kliknite na riadok produktu a uvidíte rebríček spoločností podľa úrovne kvality vrátane vašej vlastnej pozície. Kazia­teľné produkty (potraviny a zdravotníctvo) teraz v sklade strácajú kvalitu: kvalita klesá o 0,05 % za tik a úplne skazené zásoby sú automaticky odpísané.;Konkurrenzanalyse ist jetzt im Markt-Dashboard verfügbar — klicken Sie auf eine Produktzeile, um eine Rangliste der Unternehmen nach Qualitätsniveau zu sehen, einschließlich Ihrer eigenen Position. Verderbliche Produkte (Lebensmittel und Gesundheitswesen) verfallen jetzt im Lager: Die Qualität sinkt um 0,05 % pro Tick und vollständig verdorbenes Inventar wird automatisch abgeschrieben.
97888da4-b53c-4bed-bf1e-8be4d786bb61;2026-05-13T01:43:00Z;R&D Phase is live: invest in Product Quality and Brand Quality units to unlock a price premium of up to +50% in consumer demand — higher quality products earn more revenue per unit sold without competing purely on price. View your research progress on the new Company Research dashboard.;Fáza výskumu a vývoja je spustená: investujte do jednotiek Kvality produktu a Kvality značky, aby ste odomkli cenovú prémiu až +50 % v spotrebiteľskom dopyte — produkty vyššej kvality prinášajú väčší príjem na predaný kus bez potreby súťažiť čisto na cene. Sledujte priebeh výskumu na novom prehľade Výskum spoločnosti.;Die F&E-Phase ist live: Investieren Sie in Produktqualitäts- und Markenqualitätseinheiten, um einen Preisaufschlag von bis zu +50 % in der Verbrauchernachfrage zu erzielen – höherwertige Produkte erzielen mehr Umsatz pro verkaufter Einheit, ohne rein über den Preis zu konkurrieren. Verfolgen Sie Ihren Forschungsfortschritt im neuen Unternehmensforschungs-Dashboard.
857af79c-7fa2-45d8-9b57-040cde58a449;2026-05-12T23:24:10Z;Power-grid controls are expanded with per-building load-shedding priority plus new energyGridStatus/cityEnergyOverview/buildingEnergyStatus GraphQL views and an Energy navigation route for faster grid monitoring.;Ovládanie elektrickej siete je rozšírené o prioritu odpájania pre každú budovu spolu s novými GraphQL prehľadmi energyGridStatus/cityEnergyOverview/buildingEnergyStatus a navigačnou trasou Energia pre rýchlejšie sledovanie siete.;Die Stromnetz-Steuerung wurde um gebäudespezifische Lastabwurf-Prioritäten erweitert, zusammen mit neuen GraphQL-Ansichten energyGridStatus/cityEnergyOverview/buildingEnergyStatus und einer Energie-Navigationsroute für schnelleres Netzmonitoring.
d138dff2-3e81-4daa-ae1c-53808b90dd3a;2026-05-12T22:50:57Z;Bank buildings and the loan market are live: found a bank with base capital, publish deposit and lending rates, open deposit accounts, request collateralised loans, and manage financing from the new banking screens.;Bankové budovy a úverový trh sú spustené: založte banku základným kapitálom, zverejnite depozitné a úverové sadzby, otvárajte vkladové účty, žiadajte kolateralizované úvery a spravujte financovanie z nových bankových obrazoviek.;Bankgebäude und der Kreditmarkt sind live: Gründen Sie eine Bank mit Grundkapital, veröffentlichen Sie Einlagen- und Kreditzinsen, eröffnen Sie Einlagenkonten, beantragen Sie besicherte Kredite und verwalten Sie die Finanzierung über die neuen Banking-Bildschirme.
f116d2e2-712b-4d8b-af32-331486fa7972;2026-05-12T22:00:00Z;Accounting Ledger is live: view Income Statement, Cash Flow, and Balance Sheet for each company at /ledger/:id — including drilldown to individual transactions, historical game-year navigation, Income Tax Schedule, Buildings Performance, and a Race to the Top shortcut to personal wealth tracking.;Účtovná kniha je k dispozícii: pozrite si výkaz ziskov a strát, peňažné toky a súvahu pre každú spoločnosť na /ledger/:id — vrátane prehľadu jednotlivých transakcií, navigácie v historických herných rokoch, harmonogramu dane z príjmu, výkonnosti budov a odkazu na sledovanie osobného bohatstva.;Das Buchhaltungs-Hauptbuch ist live: Zeigen Sie Gewinn- und Verlustrechnung, Kapitalflussrechnung und Bilanz für jedes Unternehmen unter /ledger/:id an — einschließlich Detailansicht einzelner Transaktionen, historischer Spieljahr-Navigation, Einkommenssteuer-Zeitplan, Gebäudeleistung und Verknüpfung zur persönlichen Vermögensverfolgung.
5ef6a8da-bf57-47a6-b515-c248f05cad35;2026-05-12T21:05:00Z;Company Settings now include a tabbed salaries/administration/dividends workflow with CEO dividend-policy proposals and weighted shareholder voting wired to the live dividend engine.;Nastavenia firmy teraz obsahujú tabový workflow pre mzdy/administratívu/dividendy s návrhmi dividendovej politiky od CEO a váženým hlasovaním akcionárov napojeným na živý dividendový engine.;Die Unternehmenseinstellungen enthalten jetzt einen tab-basierten Ablauf für Löhne/Verwaltung/Dividenden mit CEO-Vorschlägen zur Dividendenpolitik und gewichteter Aktionärsabstimmung, gekoppelt an die laufende Dividenden-Engine.
3cf61fc5-a8a4-4b88-8594-8bbb9aac872a;2026-05-12T14:01:20Z;Market Dashboard and Price Recommendation Widget are live: browse live consumer clearing prices and satisfaction rates across all cities, and see a colour-coded price badge in your shop unit panel.;Trhový panel a widget odporúčaní ceny sú k dispozícii: prehliadajte živé spotrebiteľské ceny a miery spokojnosti vo všetkých mestách a sledujte farebne odlíšený cenový odznak v paneli predajnej jednotky.;Markt-Dashboard und Preis-Empfehlungswidget sind live: Sehen Sie Echtzeit-Verbraucherdaten zu Clearing-Preisen und Zufriedenheitsraten über alle Städte, und nutzen Sie das farbkodierte Preisabzeichen im Verkaufseinheitenpanel.
3506e414-5332-4605-a6dd-a1b820c586ed;2026-05-12T15:24:20Z;Personal account name changes now stay visible immediately after saving in the game dashboard, and onboarding preserves the chosen personal account name across refresh and guest sign-in resume.;Zmeny mena osobného účtu sú teraz v hernom dashboarde viditeľné okamžite po uložení a onboarding zachová zvolené meno osobného účtu pri obnovení stránky aj po pokračovaní hosťa po prihlásení.;Änderungen des persönlichen Kontonamens bleiben jetzt im Spiel-Dashboard sofort nach dem Speichern sichtbar, und das Onboarding behält den gewählten persönlichen Kontonamen über Seitenaktualisierung und Gast-Fortsetzung nach der Anmeldung hinweg bei.
62d70558-f130-445b-92b2-c2b74358e469;2026-05-12T14:22:40Z;Players can now rename their personal account name from the game dashboard and the master portal, with the updated alias propagating to running shards and both rankings.;Hráči si teraz môžu premenovať meno osobného účtu z herného dashboardu aj z master portálu, pričom aktualizovaný alias sa prenesie na bežiace shard-y aj do oboch rebríčkov.;Spieler können jetzt den Namen ihres persönlichen Kontos im Spiel-Dashboard und im Master-Portal ändern; der aktualisierte Alias wird auf laufende Shards sowie in beide Ranglisten übertragen.
4f9e2a1b-3c8d-47f0-b2e5-6a0d1c9f8e7b;2026-05-12T10:43:38Z;Buildings & Land Map System is fully live: players can browse real-world GPS lot maps, purchase land in all three cities, construct all 10 building types including Bank and Exchange, and participate in the building secondary market.;Systém budov a pôdy je plne k dispozícii: hráči môžu prehliadať pozemky na mape s GPS súradnicami, kupovať pôdu vo všetkých troch mestách, stavať všetkých 10 typov budov vrátane banky a burzy a zúčastňovať sa na sekundárnom trhu s budovami.;Das Gebäude- und Grundstückskartensystem ist vollständig live: Spieler können Grundstücke auf GPS-Karten durchsuchen, Land in allen drei Städten kaufen, alle 10 Gebäudetypen einschließlich Bank und Börse bauen und am Sekundärmarkt für Gebäude teilnehmen.
85acf02a-9faa-4dc4-90b7-bb780a50368e;2026-05-12T08:33:37Z;JWT sessions can now be revoked server-side across game and master APIs, with explicit logout, admin revoke-all actions, and player-visible active session controls.;JWT relácie je teraz možné serverovo zrušiť v game aj master API, vrátane explicitného odhlásenia, admin akcií na hromadné zrušenie a hráčom viditeľných ovládacích prvkov aktívnych relácií.;JWT-Sitzungen können jetzt serverseitig in Game- und Master-API widerrufen werden, inklusive explizitem Logout, Admin-Aktionen zum globalen Widerruf und sichtbaren Steuerelementen für aktive Sitzungen.
c428d4ec-f2ab-4feb-92ef-63fdf62d9631;2026-05-12T05:52:53Z;Security configuration now requires database connection strings and root-admin email configuration to be provided via environment variables, with startup blocked outside Development/Testing when placeholders are detected.;Bezpečnostná konfigurácia teraz vyžaduje, aby boli connection stringy databázy a konfigurácia root-admin e-mailov poskytované cez premenné prostredia, pričom štart mimo Development/Testing je zablokovaný pri detekcii zástupných hodnôt.;Die Sicherheitskonfiguration verlangt jetzt, dass Datenbank-Connection-Strings und die Root-Admin-E-Mail-Konfiguration über Umgebungsvariablen bereitgestellt werden; außerhalb von Development/Testing wird der Start bei erkannten Platzhalterwerten blockiert.
2d86c7cc-0835-4777-b4c7-004ea1819080;2026-05-12T02:54:28Z;Startup security hardening now blocks Api and MasterApi boot outside Development when Jwt signing keys are placeholder, empty, whitespace, or shorter than 32 characters, with explicit Jwt__SigningKey override guidance.;Bezpečnostné spevnenie štartu teraz blokuje spustenie Api a MasterApi mimo Development, keď je JWT podpisový kľúč zástupný, prázdny, iba medzery alebo kratší ako 32 znakov, s explicitným návodom na override cez Jwt__SigningKey.;Startup-Sicherheits-Härtung blockiert nun den Start von Api und MasterApi außerhalb von Development, wenn JWT-Signaturschlüssel Platzhalter, leer, nur Leerzeichen oder kürzer als 32 Zeichen sind, mit explizitem Hinweis auf Override über Jwt__SigningKey.
d0d1c07c-e3fa-4ff8-bb9e-8e3e03c8d5f3;2026-05-12T00:00:00Z;Password-auth abuse controls are now active: login throttle locks out accounts after 5 consecutive failures for 15 minutes, duplicate-email registration returns a neutral message to prevent enumeration, and per-IP rate limiting rejects more than 10 auth requests per minute in production.;Ochrana pred zneužitím prihlásenia je teraz aktívna: po 5 neúspešných pokusoch sa účet zamkne na 15 minút, registrácia s existujúcim e-mailom vracia neutrálnu správu a obmedzovanie počtu požiadaviek zamieta viac ako 10 overovacích požiadaviek za minútu na IP adresu v produkcii.;Missbrauchsschutz bei der Passwort-Authentifizierung ist nun aktiv: Nach 5 fehlgeschlagenen Anmeldeversuchen wird das Konto 15 Minuten gesperrt, Dopplungen bei der E-Mail-Registrierung erhalten eine neutrale Rückmeldung, und IP-basierte Ratenbegrenzung lehnt mehr als 10 Auth-Anfragen pro Minute in der Produktion ab.
8ca008cc-c0e0-4691-b858-ecc512ee39dd;2026-05-11T23:43:35Z;Security hardening now returns unified NOT_FOUND_OR_NOT_OWNED responses and redacted insufficient-funds errors across building-market, exchange, forex, and bank-transfer probes, while foreign building/account balance queries stay hidden from non-owners.;Bezpečnostné sprísnenie teraz vracia jednotné odpovede NOT_FOUND_OR_NOT_OWNED a redigované chyby nedostatku prostriedkov pri probingoch building-market, exchange, forex a bankových prevodoch, pričom cudzie dotazy na zostatky budov a účtov zostávajú pre nevlastníkov skryté.;Die Sicherheits-Härtung liefert jetzt einheitliche NOT_FOUND_OR_NOT_OWNED-Antworten und redigierte Fehler bei unzureichenden Mitteln für Building-Market-, Exchange-, Forex- und Banktransfer-Probes, während fremde Gebäude-/Kontostandsabfragen für Nicht-Eigentümer verborgen bleiben.
ad55d481-8197-4a51-afc1-25f6d5d3c383;2026-05-11T22:22:24Z;Game-server player identity surfaces now consistently show the onboarding personal account name across rankings, chat, account labels, and personal-context UI instead of JWT-derived names.;Povrchy identity hráča v hernom serveri teraz konzistentne zobrazujú onboardingové osobné meno účtu v rebríčkoch, chate, menovkách účtov a osobnom kontexte UI namiesto mien odvodených z JWT.;Die Spieleridentitätsflächen des Spielservers zeigen jetzt konsistent den im Onboarding gewählten persönlichen Kontonamen in Ranglisten, Chat, Kontobezeichnungen und der persönlichen UI-Kontextauswahl statt JWT-abgeleiteter Namen.
5de46614-d37f-4de5-aa6b-b08f77f9189f;2026-05-11T21:03:32Z;Game-server identity sync now prioritizes master-profile display names and stops using external JWT identity names for public player labels, with safe alias fallback when master lookup is unavailable.;Synchronizácia identity herného servera teraz uprednostňuje zobrazované mená z profilu master servera a prestáva používať externé JWT identity mená pre verejné menovky hráčov, so bezpečným alias fallbackom pri nedostupnom master lookupe.;Die Identitätssynchronisierung des Spielservers priorisiert jetzt Anzeigenamen aus dem Master-Profil und verwendet keine externen JWT-Identitätsnamen mehr für öffentliche Spielerbezeichnungen, mit sicherem Alias-Fallback wenn der Master-Lookup nicht verfügbar ist.
a3c7f812-9e51-4b2d-8c4f-d1e6b5a920f3;2026-05-11T23:30:00Z;Security hardening W21: frontend npm dependencies fully cleaned (0 advisories at all levels); ROADMAP security section expanded with 9 new hardening tasks covering GraphQL limits, chat rate-limiting, HSTS, CSP unsafe-inline, JWT placeholder startup guard, and CORS open-fallback restriction.;Bezpečnostné hardening W21: frontend npm závislosti úplne vyčistené (0 upozornení na všetkých úrovniach); sekcia bezpečnosti ROADMAP rozšírená o 9 nových úloh zahŕňajúcich limity GraphQL, rate-limiting chatu, HSTS, CSP unsafe-inline, JWT placeholder startup guard a obmedzenie CORS open-fallback.;Sicherheits-Hardening W21: Frontend-npm-Abhängigkeiten vollständig bereinigt (0 Warnungen auf allen Ebenen); ROADMAP-Sicherheitsbereich um 9 neue Härtungsaufgaben erweitert, die GraphQL-Limits, Chat-Rate-Limiting, HSTS, CSP unsafe-inline, JWT-Platzhalter-Startupguard und CORS-Open-Fallback-Beschränkung abdecken.
9b0a3a51-02b5-4dbf-b016-c9056f4fdcf7;2026-05-11T20:34:22Z;Added a new /portfolio route alias that opens the Personal Ledger portfolio dashboard directly, including automated end-to-end route coverage.;Pridaný nový alias trasy /portfolio, ktorý priamo otvorí dashboard portfólia v Osobnej účtovnej knihe, vrátane automatizovaného end-to-end pokrytia trasy.;Ein neuer Routen-Alias /portfolio wurde hinzugefügt, der das Portfolio-Dashboard im Persönlichen Hauptbuch direkt öffnet, einschließlich automatisierter End-to-End-Routenabdeckung.
d4ce4e9a-5e2a-40fd-8c20-b7814ca3e944;2026-05-11T19:13:14Z;Support and news rich-text rendering is now protected by strict allowlist HTML sanitization on both backend and frontend, with stored-XSS regression payload coverage for scripts, SVG events, javascript: links, malformed tags, and CSS-expression vectors.;Renderovanie rich textu pre podporu a novinky je teraz chránené prísnou allowlist HTML sanitizáciou na backende aj frontende, spolu s regresnými stored-XSS payload testami pre skripty, SVG eventy, odkazy javascript:, malformed tagy a CSS-expression vektory.;Die Rich-Text-Darstellung für Support und News ist jetzt durch strikte Allowlist-HTML-Sanitization im Backend und Frontend geschützt, inklusive Stored-XSS-Regressionsabdeckung für Skripte, SVG-Events, javascript:-Links, fehlerhafte Tags und CSS-Expression-Vektoren.
7376da25-8a45-48bb-8dd4-93055257f445;2026-05-11T19:00:00Z;NPC bot hardcoded default password removed: the committed placeholder credential is replaced with an empty default requiring operators to supply a real secret or API key; the bot now refuses to start outside Development when only a placeholder value is configured.;Hardcoded predvolené heslo NPC bota bolo odstránené: potvrdený zástupný prihlasovacie údaje sú nahradené prázdnou predvolenou hodnotou, ktorá vyžaduje, aby operátori zadali skutočné tajomstvo alebo kľúč API; robot teraz odmieta spustiť mimo vývoja, keď je nakonfigurovaná iba zástupná hodnota.;Hardcodiertes Standard-Passwort des NPC-Bots entfernt: die übermittelte Platzhalter-Anmeldedaten werden durch einen leeren Standard ersetzt, der Betreiber zur Angabe eines echten Geheimnisses oder API-Schlüssels zwingt; der Bot startet nun außerhalb der Entwicklung nicht, wenn nur ein Platzhalterwert konfiguriert ist.
6a1f8b32-09c4-47e9-9e21-3c8b7d2a5e0f;2026-05-11T18:00:00Z;Player privacy hardening: the game server ranking now always shows the generated personal account name instead of any JWT-derived identifier. Algorand wallet addresses (58-char base32), NFD .algo domains, and similar blockchain identifiers are now detected and replaced with a generated alias before being stored or returned in any public ranking query.;Hardening súkromia hráčov: rebríček herného servera teraz vždy zobrazuje vygenerované osobné meno účtu namiesto akéhokoľvek identifikátora odvodeného z JWT. Adresy peňaženky Algorand (58-znakové base32), NFD .algo domény a podobné blockchainové identifikátory sú teraz detekované a nahradené vygenerovaným aliasom pred uložením alebo vrátením vo verejnom dopyte na rebríček.;Datenschutz-Härtung für Spieler: Die Spielserver-Rangliste zeigt jetzt immer den generierten persönlichen Kontonamen anstelle eines JWT-abgeleiteten Bezeichners. Algorand-Wallet-Adressen (58-stellige Base32), NFD .algo-Domains und ähnliche Blockchain-Identifikatoren werden jetzt erkannt und durch einen generierten Alias ersetzt, bevor sie gespeichert oder in einer öffentlichen Ranking-Abfrage zurückgegeben werden.
47633745-0ae1-4b4e-a697-4a36c9c4cd18;2026-05-12T14:00:00Z;Implemented endgame win condition and "Race to the Top" benchmark panel: automatic win detection when a player surpasses the Elon Musk $430B wealth threshold, mutation guard that blocks all actions once the shard ends, admin manual-end-shard control, milestone toast notifications at 1/10/25/50/75/90% progress, accessible progress bar, lock icon in the navigation bar, and 9 backend + 11 frontend unit tests.;Implementovaná podmienka víťazstva a panel „Preteky na vrchol": automatická detekcia víťaza keď hráč prekoná prah bohatstva Elona Muska 430 mld. USD, blokácia mutácií po skončení shardu, admin ovládanie manuálneho ukončenia shardu, toast notifikácie pri míľnikoch 1/10/25/50/75/90 %, prístupný progress bar, ikona zámku v navigácii a 9 backendových + 11 frontendových unit testov.;Endspiel-Siegbedingung und „Race to the Top"-Benchmark-Panel implementiert: automatische Gewinner-Erkennung wenn ein Spieler die Elon-Musk-Vermögensschwelle von 430 Mrd. USD überschreitet, Mutations-Blockade nach Shardende, Admin-Steuerung für manuelles Shard-Ende, Meilenstein-Toast-Benachrichtigungen bei 1/10/25/50/75/90 % Fortschritt, barrierefreier Fortschrittsbalken, Schloss-Symbol in der Navigationsleiste sowie 9 Backend- und 11 Frontend-Unit-Tests.
c45cd2aa-745e-4109-93dd-37102d68a135;2026-05-11T13:45:00Z;Vite upgraded from 7.3.1 to 7.3.2 in both frontends to patch server.fs.deny bypass and arbitrary file read via dev-server WebSocket (CVE affects 7.1.0-7.3.1).;Vite bol upgradovaný z 7.3.1 na 7.3.2 v oboch frontendoch, čím sa opravil bypass server.fs.deny a ľubovoľné čítanie súborov cez WebSocket dev servera (CVE postihuje 7.1.0-7.3.1).;Vite wurde in beiden Frontends von 7.3.1 auf 7.3.2 aktualisiert, um den server.fs.deny-Bypass und das willkürliche Dateilesen über den Dev-Server-WebSocket zu beheben (CVE betrifft 7.1.0-7.3.1).
8e94adf0-4f77-4c7d-9188-409b112f26a8;2026-05-11T10:33:25Z;Master news drafts now require trusted server/admin access and bot API-key ownership guards now also cover Gold AMM, limit-order, and dividend-governance mutations.;Drafty v hlavných novinkách teraz vyžadujú dôveryhodný prístup servera/admina a ownership guard pre bot API kľúče teraz pokrýva aj mutácie Gold AMM, limitných príkazov a dividend governance.;Entwürfe im Master-Newsfeed erfordern jetzt vertrauenswürdigen Server-/Admin-Zugriff, und der Ownership-Guard für Bot-API-Schlüssel deckt nun auch Gold-AMM-, Limit-Order- und Dividend-Governance-Mutationen ab.
da05db02-ca99-4778-97ae-06a9d02f44fd;2026-05-11T07:53:19Z;Object-authorization failures for collateral, stock settlement accounts, and limit-order cancellation now return unified NOT_FOUND_OR_NOT_OWNED responses with structured security audit events recording hidden not_found vs not_owned reasons.;Zlyhania objektovej autorizácie pri kolateráli, zúčtovacích účtoch akcií a rušení limitných príkazov teraz vracajú jednotnú odpoveď NOT_FOUND_OR_NOT_OWNED so štruktúrovanými bezpečnostnými auditnými udalosťami, ktoré zaznamenávajú skryté dôvody not_found vs not_owned.;Fehler bei der Objekt-Autorisierung für Sicherheiten, Aktien-Abrechnungskonten und das Stornieren von Limit-Orders liefern jetzt einheitlich NOT_FOUND_OR_NOT_OWNED, während strukturierte Sicherheits-Audit-Events die verborgenen Gründe not_found vs not_owned protokollieren.
38c1c6b9-6d2c-490a-aa65-4ace705df8a4;2026-05-11T07:15:00Z;Weekly security action board is now live: audit findings from /audits/*.md are auto-parsed, owner-assigned via audits/owners.yml, and a CI gate blocks merges to main when any High or Critical finding has no linked implementation issue.;Týždenná bezpečnostná akčná tabuľa je teraz živá: audítorské zistenia z /audits/*.md sú automaticky spracované, priradené vlastníkovi cez audits/owners.yml a CI brána blokuje merge do main, ak má akékoľvek High/Critical zistenie neprepojené implementačné issue.;Das wöchentliche Sicherheits-Aktionsbrett ist jetzt live: Audit-Befunde aus /audits/*.md werden automatisch geparst, per audits/owners.yml zugewiesen und ein CI-Gate blockiert Merges zu main, wenn ein High/Critical Befund kein verknüpftes Implementierungs-Issue hat.
b95b5ad7-23c1-4fb7-ac98-2e149ec7dbcb;2026-05-11T06:03:18Z;Security rejections for API-key ownership probes now return unified NOT_FOUND_OR_NOT_OWNED responses while admin audit logs capture hidden not-found vs not-owned reason and attempted object ID context.;Bezpečnostné zamietnutia pri ownership probe cez API kľúče teraz vracajú jednotnú odpoveď NOT_FOUND_OR_NOT_OWNED, pričom admin audit logy ukladajú skrytý dôvod not-found vs not-owned aj kontext ID skúšaného objektu.;Sicherheitsablehnungen bei API-Key-Ownership-Probes liefern jetzt einheitlich NOT_FOUND_OR_NOT_OWNED, während Admin-Audit-Logs den verborgenen Grund (nicht gefunden vs. nicht im Besitz) und die versuchte Objekt-ID protokollieren.
28b095d5-7d63-45e2-a140-abf74c72fb00;2026-05-11T05:14:39Z;Stock exchange security now rejects tampered trade-account override payloads server-side and the UI shows a safe refresh-and-retry message instead of exposing internal validation details.;Bezpečnosť burzy akcií teraz server-side odmieta manipulované payloady s override obchodného účtu a UI zobrazí bezpečnú výzvu na obnovenie namiesto interných validačných detailov.;Die Sicherheit der Börse lehnt manipulierte Trade-Account-Override-Payloads jetzt serverseitig ab, und die UI zeigt eine sichere Aktualisieren-und-erneut-versuchen-Meldung statt interner Validierungsdetails.
f9c3f1e6-a901-4dc9-90d6-6734d49e7c31;2026-05-11T04:25:00Z;Ranking telemetry now supports idempotency keys, duplicate proof-reference conflict blocking, and automatic suspicious-batch quarantine with admin moderation review before leaderboard impact.;Ranking telemetria teraz podporuje idempotency kľúče, blokovanie konfliktu duplicitných proof-reference a automatickú karanténu podozrivých batchov s admin moderáciou pred dopadom na rebríček.;Die Ranking-Telemetrie unterstützt jetzt Idempotency-Keys, die Konfliktblockierung doppelter Proof-References und eine automatische Quarantäne verdächtiger Batches mit Admin-Moderationsprüfung vor Ranking-Auswirkung.
18fcce2c-193d-4328-ae07-4898a7d24aef;2026-05-11T03:35:43Z;Bot API keys now enforce server-side ownership on forex, stock, lending, and building-market mutations, reject foreign company/account identifiers with structured audit logs, and allow building-offer actions only for the owner.;Bot API kľúče teraz vynucujú server-side vlastníctvo pri forexových, akciových, úverových a building-market mutáciách, odmietajú cudzie identifikátory firiem/účtov so štruktúrovanými audit logmi a povoľujú akcie s ponukami budov len vlastníkovi.;Bot-API-Schlüssel erzwingen jetzt serverseitiges Eigentum bei Forex-, Aktien-, Kredit- und Gebäude-Markt-Mutationen, lehnen fremde Firmen-/Kontokennungen mit strukturierten Audit-Logs ab und erlauben Gebäudeangebots-Aktionen nur dem Eigentümer.
2dea10e8-6781-4751-b212-b0fda963b4d4;2026-05-11T02:20:00Z;Security hardening now enforces strict token boundaries with explicit game/master token types, blocks ungranted impersonation claims, and prevents game-issued tokens from reaching MasterApi admin privilege paths.;Bezpečnostné spevnenie teraz vynucuje prísne hranice tokenov s explicitnými typmi game/master, blokuje impersonáciu bez explicitného oprávnenia a zabraňuje tokenom z herného API získať admin privilégia v MasterApi.;Die Sicherheits-Härtung erzwingt jetzt strikte Token-Grenzen mit expliziten game/master-Token-Typen, blockiert nicht autorisierte Impersonation-Claims und verhindert, dass spielausgestellte Tokens Admin-Privilegpfade in der MasterApi erreichen.
a87bcefb-e217-4ca7-ae50-0cbaccf617ef;2026-05-10T21:03:36Z;Loan collateral safety was hardened with commit-time ownership and balance rechecks, collateral-lock transfer blocking, conflict audit logging, and new UI lock badges with foreclosure countdown messaging.;Bezpečnosť kolaterálu pri úveroch bola sprísnená cez opätovné kontroly vlastníctva a zostatku pri commite, blokovanie prevodov pri zamknutom kolateráli, auditné logovanie konfliktov a nové UI odznaky uzamknutia s odpočtom zabavenia.;Die Sicherheit von Kreditsicherheiten wurde durch Commit-Time-Prüfungen von Eigentum und Kontostand, Transfer-Blockierung bei gesperrter Sicherheit, Audit-Logging von Konflikten sowie neue UI-Sperr-Badges mit Zwangsvollstreckungs-Countdown verbessert.
9307e7cb-fa3e-4597-b339-694d7759e915;2026-05-10T19:53:00Z;Building market offers now use optimistic version tokens to block race-condition double fills: stale accept/cancel actions show a refresh prompt and the market auto-refreshes to current state.;Ponuky na trhu budov teraz používajú optimistické verziovacie tokeny na blokovanie race-condition dvojitého vyplnenia: zastarané prijatie/zrušenie zobrazí výzvu na obnovenie a trh sa automaticky obnoví na aktuálny stav.;Gebäudemarkt-Angebote verwenden jetzt optimistische Versionstoken, um Race-Condition-Doppelausführungen zu blockieren: veraltete Annehmen/Abbrechen-Aktionen zeigen einen Aktualisierungshinweis und der Markt wird automatisch auf den aktuellen Stand aktualisiert.
7f2a9c3d-1e8b-4d5a-b7f6-2c9a1e3d8f4b;2026-05-10T18:50:00Z;FX trades are now protected against stale-quote exploitation and replay attacks: every quote carries a single-use nonce and 30-second expiry, and players can set their slippage tolerance (0.1%–5%) before confirming a swap.;FX obchody sú teraz chránené pred zneužitím zastaraných kotácií a útokmi opakovaného prehrávania: každá kotácia nesie jednorazový nonce a vypršanie po 30 sekundách, hráči si môžu nastaviť toleranciu klzu pred potvrdením swapov.;FX-Trades sind jetzt gegen die Ausnutzung veralteter Kursangebote und Replay-Angriffe geschützt: Jedes Angebot trägt eine Einweg-Nonce und verfällt nach 30 Sekunden; Spieler können ihre Slippage-Toleranz (0,1 %–5 %) vor der Swap-Bestätigung festlegen.
041b41b1-bfb5-42c6-8bc6-40df56d037e6;2026-05-10T18:30:00Z;Master ranking telemetry is now shard-verified with unknown/stale key blocking, duplicate-signature replay detection, and admin quarantine review tools in Ranking Administration.;Master ranking telemetria je teraz overovaná podľa shardu s blokovaním neznámych/zastaralých kľúčov, detekciou opakovaných podpisov udalostí a admin nástrojmi karantény v administrácii rebríčka.;Die Master-Ranking-Telemetrie ist jetzt shard-verifiziert mit Blockierung unbekannter/veralteter Schlüssel, Replay-Erkennung doppelter Ereignissignaturen und Admin-Quarantänewerkzeugen in der Ranking-Administration.
38213488-d5ae-4ede-b16e-eb3f6fe8b5e6;2026-05-10T17:44:00Z;Players can now create scoped API keys with read-only, bot-only, trading-only, and company-bound restrictions, review usage audit entries, and admins can force-revoke compromised keys.;Hráči teraz môžu vytvárať API kľúče s rozsahmi iba na čítanie, len pre bota, len na obchodovanie a viazané na firmu, kontrolovať auditné záznamy používania a administrátori môžu vynútene odvolať kompromitované kľúče.;Spieler können jetzt API-Schlüssel mit den Bereichen Nur Lesen, Nur Bot, Nur Handel und Unternehmensbindung erstellen, Nutzungsaudits prüfen und Administratoren können kompromittierte Schlüssel zwangsweise widerrufen.
75c2a7e8-22f3-4f52-a5d8-9f731f4d0e14;2026-05-10T16:33:29Z;Mine building detail now includes Extraction Intelligence with a 30-day extraction sparkline, depletion trendline projection, and a detailed reserve analytics dialog with burn rate and quality-decay inflection guidance.;Detail banskej budovy teraz obsahuje analytiku ťažby s 30-dňovým sparkline grafom, projekciou trendu vyčerpania a podrobným dialógom rezerv s tempom spaľovania a bodom zlomu poklesu kvality.;Die Minen-Gebäudeansicht enthält jetzt Abbau-Intelligenz mit 30-Tage-Sparkline, Projektion der Erschöpfungstrendlinie und einem detaillierten Reserven-Dialog mit Verbrauchsrate und Qualitätsabfall-Wendepunkt.
36497999-77ac-472d-87e9-8391bbf6edf6;2026-05-10T15:32:24Z;Onboarding account provisioning now generates and persists privacy-safe player display names, and leaderboard/profile ranking responses no longer expose raw JWT identifiers.;Provisioning účtov v onboardingu teraz generuje a ukladá súkromie chrániace zobrazované mená hráčov a odpovede rebríčka/profilového poradia už nezobrazujú surové JWT identifikátory.;Die Konto-Provisionierung im Onboarding erzeugt und speichert jetzt datenschutzfreundliche Spielernamen, und Ranglisten-/Profilantworten zeigen keine rohen JWT-Identifikatoren mehr.
f0c2b748-5e47-4b71-a8ee-8de22f9f12a9;2026-05-09T14:43:30Z;Multi-city logistics is now fully surfaced with shipment-arrival and margin-erosion notifications, a new ledger logistics timeline with city financial breakdown, and a purchase-source landed-cost comparison that can lock cross-city sourcing directly.;Multi-city logistika je teraz plne zobrazená cez notifikácie o doručení zásielky a erózii marže, nový logistický timeline v účtovnej knihe s finančným rozpisom podľa miest a porovnanie výslednej ceny zdrojov, ktoré vie priamo uzamknúť medzimestské zásobovanie.;Die Multi-City-Logistik ist jetzt vollständig sichtbar mit Benachrichtigungen für Sendungsankünfte und Margenerosion, einer neuen Logistik-Zeitleiste im Hauptbuch mit Finanzaufschlüsselung nach Städten sowie einem Einstandskostenvergleich in der Einkaufsquelle, der städteübergreifende Beschaffung direkt sperren kann.
9e0f6e85-2d25-4f85-ae67-8f9d7b70c31e;2026-05-09T12:24:42Z;World Map expansion is now available at /map with city unlock insights, and new cross-city logistics GraphQL endpoints were added for shipment tracking and freight estimates.;Expanzia cez Mapu sveta je teraz dostupná na /map s prehľadom odomknutia miest a pribudli nové GraphQL endpointy pre medzi-mestskú logistiku na sledovanie zásielok a odhady prepravného.;Die Expansion über die Weltkarte ist jetzt unter /map verfügbar mit Stadt-Freischaltungsübersicht, und neue GraphQL-Endpunkte für städteübergreifende Logistik wurden für Sendungsverfolgung und Frachtkostenschätzungen hinzugefügt.
de9826ce-c978-4d44-8eeb-8688fa1c7c66;2026-05-09T11:34:22Z;Mining lots now deplete with scarcity efficiency scaling, players receive new 20%/5% reserve warnings, and the city map includes a Resource Layer plus new live land-resource status queries for planning replacement deposits.;Banské pozemky sa teraz vyčerpávajú s efektivitou podľa nedostatku surovín, hráči dostávajú nové varovania pri 20 %/5 % zásob a mapa mesta obsahuje vrstvu zdrojov plus nové živé dotazy stavu pozemkových surovín na plánovanie náhradných ložísk.;Minenparzellen erschöpfen sich jetzt mit knappheitsabhängiger Effizienz, Spieler erhalten neue Reservewarnungen bei 20 %/5 %, und die Stadtkarte enthält eine Rohstoffebene sowie neue Live-Abfragen zum Ressourcenstatus von Grundstücken für die Ersatzplanung.
f5d9b6bc-0d7d-4b3a-9d8a-8f57be8f0f0a;2026-05-09T10:24:57Z;Macroeconomic cycles and market events are now live with recession warnings, demand/price/loan-rate multipliers, and a new dashboard economy widget with active event insights.;Makroekonomické cykly a trhové udalosti sú teraz aktívne s varovaniami pred recesiou, multiplikátormi dopytu/cien/úrokov z úverov a novým ekonomickým widgetom na dashboarde s prehľadom aktívnych udalostí.;Makroökonomische Zyklen und Marktereignisse sind jetzt live – mit Rezessionswarnungen, Nachfrage-/Preis-/Kreditzins-Multiplikatoren und einem neuen Wirtschafts-Widget im Dashboard mit aktiven Ereignis-Insights.
a3e1f9b2-4c5d-4e8a-b7f1-2d6c3a9e0f1c;2026-05-09T09:30:00Z;Players can now buy raw materials directly from the Global Exchange — click the Buy button on any city offer card to select quantity, debit account, and destination storage unit with a live delivered-price preview.;Hráči môžu teraz kupovať suroviny priamo z Globálnej burzy — kliknite na tlačidlo Kúpiť na karte ponuky mesta a vyberte množstvo, debetný účet a cieľovú skladovaciu jednotku s živým náhľadom doručenej ceny.;Spieler können jetzt Rohstoffe direkt über die Globale Börse kaufen — klicken Sie auf den Kaufen-Button bei einem Stadtangebot und wählen Sie Menge, Belastungskonto und Ziellagereinheit mit einer Live-Vorschau des Lieferpreises.
4f8f6cc0-16e3-4e70-8a11-2b8ca3c4f7d2;2026-05-09T04:40:00Z;Stock Exchange listings now show daily change with city/industry metadata, and players can filter the market by city and industry directly in the exchange view.;Zoznamy na burze akcií teraz zobrazujú dennú zmenu spolu s metadátami mesta/odvetvia a hráči môžu trh filtrovať podľa mesta a odvetvia priamo v zobrazení burzy.;Die Aktienbörsen-Listings zeigen jetzt die tägliche Veränderung samt Stadt-/Branchen-Metadaten, und Spieler können den Markt in der Börsenansicht direkt nach Stadt und Branche filtern.
2a7a6de3-58c3-4cb4-bd90-c4a8016d34bc;2026-05-09T02:31:59Z;Logout now returns players to the public home page with a signed-out confirmation, the master portal login now auto-starts OIDC in default OIDC-only mode, and the leaderboard keeps a direct Global Rankings link next to the richest-player/company tabs.;Odhlásenie teraz vracia hráčov na verejnú domovskú stránku s potvrdením o odhlásení, prihlasovanie na master portáli v predvolenom OIDC-only režime automaticky spúšťa OIDC tok a rebríček má pri kartách najbohatších hráčov/firiem priamy odkaz na globálne rebríčky.;Nach dem Abmelden landen Spieler jetzt auf der öffentlichen Startseite mit Abmeldebestätigung, die Anmeldung im Master-Portal startet im standardmäßigen OIDC-only-Modus automatisch den OIDC-Flow, und die Rangliste behält einen direkten Global-Rankings-Link neben den Tabs für reichste Spieler/Firmen.
3e4513e1-46f0-4d46-a533-f88034bff9c7;2026-05-09T00:53:25Z;Players can now change their display name directly from their public profile page — the name is stored in the master database and stays consistent across all game servers.;Hráči si teraz môžu zmeniť zobrazované meno priamo zo svojej verejnej profilovej stránky — meno sa ukladá v hlavnej databáze a je konzistentné naprieč všetkými hernými servermi.;Spieler können ihren Anzeigenamen jetzt direkt auf ihrer öffentlichen Profilseite ändern – der Name wird in der Masterdatenbank gespeichert und bleibt auf allen Spielservern konsistent.
cba778e2-b9df-4610-903f-9bcd756c7fea;2026-05-09T00:03:43Z;Weekly security audits are now tracked in-repo, reminder issues are scheduled automatically, and sensitive loan/shareholder endpoints plus ranking telemetry were hardened against unauthenticated access.;Týždenné bezpečnostné audity sa teraz sledujú priamo v repozitári, pripomienkové issue sa vytvárajú automaticky a citlivé endpointy pre pôžičky/akcionárov aj ranking telemetria boli sprísnené proti neautentifikovanému prístupu.;Wöchentliche Sicherheitsaudits werden jetzt direkt im Repository nachverfolgt, Erinnerungs-Issues werden automatisch erstellt und sensible Kredit-/Aktionärs-Endpunkte sowie Ranking-Telemetrie wurden gegen unauthentifizierten Zugriff gehärtet.
7f1e0dbc-4416-44fa-b54e-7a04a3f041e4;2026-05-08T22:50:00Z;Personal Account Rankings now feature a Race to the Top real-world benchmark panel with top-10 billionaires, shard-leader progress, % of #1 target, and distance-to-win indicators for top players.;Rebríček osobných účtov teraz obsahuje panel Preteky na vrchol s benchmarkom reálneho sveta s top-10 miliardármi, progresom lídra shardu, percentom z cieľa #1 a ukazovateľmi vzdialenosti do víťazstva pre top hráčov.;Die Rangliste der persönlichen Konten enthält jetzt ein Rennen-an-die-Spitze-Panel mit Realwelt-Benchmark (Top-10-Milliardäre), Leader-Fortschritt im Shard, Prozent vom #1-Ziel und Abstand-zum-Sieg-Indikatoren für Top-Spieler.
2e5f6416-f69e-45de-9f9c-9d9fd6440d8f;2026-05-08T22:10:00Z;Endgame now targets the #1 richest real-world billionaire, Race to the Top panels show live benchmark progress on Personal Ledger and Rankings, and admins can update the top-10 benchmark list directly from the game admin dashboard.;Endgame teraz cieli na #1 najbohatšieho reálneho miliardára, panely Preteky na vrchol zobrazujú živý progres benchmarku v Osobných knihách aj v Rebríčku a administrátori môžu top-10 benchmark upravovať priamo v hernom administrátorskom dashboarde.;Das Endgame zielt jetzt auf den #1 reichsten realen Milliardär, die Rennen-an-die-Spitze-Panels zeigen den Live-Benchmark-Fortschritt im persönlichen Hauptbuch und in der Rangliste, und Administratoren können die Top-10-Benchmarkliste direkt im Spiel-Admin-Dashboard aktualisieren.
4bc91f49-f792-4c30-86d9-661ebf964f84;2026-05-08T20:33:34Z;City auto-switch on sign-in now treats any owned building as a valid city context, keeping your saved city when you still operate there and only jumping to your busiest city when the saved city is empty.;Automatické prepnutie mesta pri prihlásení teraz považuje každú vlastnenú budovu za platný kontext mesta, takže ponechá uložené mesto, ak v ňom stále pôsobíte, a prepne vás do najvyťaženejšieho mesta len vtedy, keď je uložené mesto prázdne.;Die automatische Stadtumschaltung bei der Anmeldung behandelt jetzt jedes eigene Gebäude als gültigen Stadtkontext, behält also Ihre gespeicherte Stadt bei, wenn Sie dort noch aktiv sind, und springt nur dann in Ihre geschäftigste Stadt, wenn die gespeicherte Stadt leer ist.
a80edb37-091c-4c91-861e-43380f208916;2026-05-08T19:53:31Z;FX Exchange now shows standard stronger-first forex pair labels (for example USDCZK and EURCZK) and the current rates table is displayed above the pair-history chart for faster decision-making.;FX Exchange teraz zobrazuje štandardné forex páry so silnejšou menou na prvom mieste (napríklad USDCZK a EURCZK) a tabuľka aktuálnych kurzov je presunutá nad graf histórie páru pre rýchlejšie rozhodovanie.;Die FX-Exchange zeigt jetzt standardmäßige Forex-Paarbezeichnungen mit stärkerer Währung zuerst (z. B. USDCZK und EURCZK), und die Tabelle mit aktuellen Kursen steht für schnellere Entscheidungen über dem Paarverlauf-Chart.
b26408f0-7cb8-462b-b4e8-c28b42c1a9f7;2026-05-08T19:20:00Z;Media House campaign units can now be configured while a building upgrade is pending, with an in-panel notice that changes apply when the upgrade completes.;Kampaňové jednotky Media House je teraz možné konfigurovať aj počas čakajúceho vylepšenia budovy, pričom panel zobrazuje upozornenie, že zmeny sa použijú po dokončení vylepšenia.;Kampagneneinheiten im Medienhaus können jetzt auch während eines ausstehenden Gebäude-Upgrades konfiguriert werden, mit einem Hinweis im Panel, dass Änderungen nach Abschluss des Upgrades angewendet werden.
667c35ce-ecf7-4963-8c93-9bbb98edc6ad;2026-05-08T18:27:30Z;Responsive layout polish is now complete: key game pages (dashboard, building detail grid editor, FX exchange, leaderboard, city map, and operations dashboard) are validated for 375px mobile, tablet, Full HD, and 4K with no page-level horizontal overflow.;Finalizované responzívne vyladenie: kľúčové herné stránky (dashboard, editor mriežky v detaile budovy, FX exchange, rebríček, mapa mesta a operations dashboard) sú overené pre 375px mobil, tablet, Full HD a 4K bez horizontálneho scrollovania celej stránky.;Die responsive Feinabstimmung ist jetzt abgeschlossen: zentrale Spielseiten (Dashboard, Raster-Editor in der Gebäudedetailansicht, FX-Exchange, Rangliste, Stadtkarte und Operations-Dashboard) sind für 375px-Mobile, Tablet, Full HD und 4K ohne seitenweites horizontales Scrollen validiert.
451bd8dd-4db1-4a1d-8a07-2d993de085d4;2026-05-08T17:30:00Z;Tutorial guidance is now fully integrated: first building-detail and first grid-editor contextual overlays award once-per-lifetime master-ranking bounties, and the Tutorial page now shows bounty-earned completion status for all seven milestones.;Sprievodca tutoriálom je teraz plne integrovaný: kontextové prekrytia pri prvej návšteve detailu budovy a prvom otvorení editora mriežky udeľujú master-ranking bounty raz za život a stránka Tutoriál teraz zobrazuje stav bounty dokončenia pre všetkých sedem míľnikov.;Die Tutorial-Hilfe ist jetzt vollständig integriert: Kontext-Overlays beim ersten Gebäudedetail-Besuch und ersten Öffnen des Raster-Editors vergeben einmalige Master-Ranking-Bounties, und die Tutorial-Seite zeigt nun den Bounty-Erfolgsstatus für alle sieben Meilensteine.
30c7d86b-73ec-467c-9e64-4a625f5688d9;2026-05-08T10:44:04Z;Forced-sale loan settlements now show the FX conversion in bank statements and loan cards display overdue debt in the loan currency alongside the collateral's live native-currency sale listing.;Vyrovnania úverov z núteného predaja teraz zobrazujú FX konverziu vo výpisoch z účtu a karty úverov zobrazujú nesplatený dlh v mene úveru spolu so živou predajnou cenou kolaterálu v natívnej mene mesta.;Zwangsverkaufs-Kreditabrechnungen zeigen die FX-Umrechnung jetzt im Kontoauszug an, und Kreditkarten zeigen die überfällige Schuld in der Kreditwährung zusammen mit dem aktuellen Verkaufspreis der Sicherheit in der nativen Stadtwährung.
dc315acd-0887-4e13-9088-e065c311c1da;2026-05-08T08:33:11Z;Onboarding now generates a privacy-safe personal account alias at IPO, rankings show aliases instead of OIDC names, and referral pending codes are cleared after first successful application.;Onboarding teraz pri IPO generuje súkromie chrániaci alias osobného účtu, rebríčky zobrazujú aliasy namiesto OIDC mien a čakajúce referral kódy sa po prvom úspešnom použití vymažú.;Das Onboarding erzeugt beim IPO jetzt einen datenschutzfreundlichen Alias für das persönliche Konto, Ranglisten zeigen Aliasnamen statt OIDC-Namen, und ausstehende Referral-Codes werden nach der ersten erfolgreichen Anwendung entfernt.
4a3f57de-cf59-4fc5-9ea1-b6b9436166f8;2026-05-08T06:35:00Z;Endgame is now live: the personal ledger shows a real-world billionaire race panel, the server automatically freezes when a player beats the top-5 benchmark, all mutations become read-only with a winner message, and a final winner newsletter is published.;Endgame je teraz spustený: osobné knihy zobrazujú panel pretekov s reálnymi miliardármi, server sa automaticky zmrazí keď hráč prekoná benchmark top 5, všetky mutácie prejdú do režimu len na čítanie so správou o víťazovi a publikuje sa finálny newsletter.;Das Endgame ist jetzt live: Das persönliche Hauptbuch zeigt ein Rennen-gegen-Milliardäre-Panel, der Server friert automatisch ein sobald ein Spieler den Top-5-Benchmark übertrifft, alle Mutationen werden mit Siegerhinweis schreibgeschützt und ein finaler Gewinner-Newsletter wird veröffentlicht.
3def7d1f-d389-4ee9-9b5a-b5516bb5d280;2026-05-07T18:04:10Z;Operations Dashboard is now fully unified under /operations/statistics with a level-2 admin menu, overview + money-flow + product-analytics + news + player sub-pages, time-range money-flow filters, split news editor layout, richer player intervention filters, and live product marketing/research scores.;Operačný dashboard je teraz plne zjednotený pod /operations/statistics s administrátorským menu druhej úrovne, podstránkami prehľad + peňažný tok + analytika produktov + správy + hráči, filtrami časového rozsahu pre peňažný tok, rozdeleným layoutom editora správ, bohatšími filtrami zásahov do hráčov a živými marketingovými/výskumnými skóre produktov.;Das Operations-Dashboard ist jetzt vollständig unter /operations/statistics vereinheitlicht – mit Admin-Menü der zweiten Ebene, Unterseiten für Überblick + Geldfluss + Produktanalytik + News + Spieler, Zeitbereichsfiltern für den Geldfluss, geteiltem News-Editor-Layout, umfangreicheren Spieler-Eingriffsfiltern und Live-Marketing-/Forschungswerten je Produkt.
0f7f72e9-2a56-4f43-a6ce-c0b2f04d27fb;2026-05-07T17:28:00Z;Banks are now fully enforced: loan statement balances stay in sync with account balances, missed payments trigger collateral sale and foreclosure payout rules, and bank pages show a high-visibility pending debt countdown with one-click debt repayment.;Banky sú teraz plne vynucované: zostatky vo výpise úverov sú synchronizované so zostatkami účtov, zmeškané splátky spúšťajú predaj kolaterálu a pravidlá vyplatenia pri exekúcii a bankové stránky zobrazujú výrazné odpočítavanie dlhu s tlačidlom na okamžité splatenie.;Banken sind jetzt vollständig durchgesetzt: Kreditkontoauszüge bleiben mit Kontoständen synchron, versäumte Zahlungen lösen Sicherheitenverkauf und Zwangsverwertungs-Auszahlungsregeln aus, und Bankseiten zeigen einen gut sichtbaren Schulden-Countdown mit Ein-Klick-Rückzahlung.
8c081f9f-3600-4ee5-bca3-9a5d628ceed7;2026-05-07T15:03:28Z;Player profiles now show earned and locked competitive badges, rank-history trends with 7d/30d/all filters, and owner-only CSV/PDF export, while leaderboard rows display each player's earned badge icons.;Profily hráčov teraz zobrazujú získané aj uzamknuté súťažné odznaky, trendy histórie poradia s filtrami 7d/30d/všetko a export CSV/PDF len pre vlastníka profilu, pričom riadky rebríčka zobrazujú ikony získaných odznakov hráča.;Spielerprofile zeigen jetzt verdiente und gesperrte Wettbewerbsabzeichen, Rangverlaufs-Trends mit 7d/30d/Alle-Filtern und einen nur für den Profilbesitzer verfügbaren CSV/PDF-Export, während Ranglistenzeilen die verdienten Abzeichen-Icons jedes Spielers anzeigen.
80132e7a-38f5-43d8-8aef-0d34ae789c12;2026-05-07T13:55:00Z;Media House campaigns are now fully operational: owners can configure campaign units during construction, labor/energy costs are charged immediately, active campaigns boost brand quality after construction, campaign stats are visible in building detail, and dashboard cards show an "Advertising Active" badge while campaigns run.;Kampane v Media House sú teraz plne funkčné: vlastníci môžu konfigurovať kampaňové jednotky už počas výstavby, mzdové/energetické náklady sa účtujú okamžite, aktívne kampane po dokončení výstavby zvyšujú kvalitu značky, štatistiky kampaní sú viditeľné v detaile budovy a karty na dashboarde zobrazujú odznak „Reklama aktívna“, keď kampane bežia.;Media-House-Kampagnen sind jetzt vollständig funktionsfähig: Eigentümer können Kampagneneinheiten bereits während der Bauphase konfigurieren, Arbeits-/Energiekosten werden sofort berechnet, aktive Kampagnen erhöhen nach Bauabschluss die Markenqualität, Kampagnenstatistiken sind in der Gebäudeansicht sichtbar und Dashboard-Karten zeigen während laufender Kampagnen ein „Werbung aktiv“-Badge.
4c6be4c7-e909-44be-bfb0-c5eb6f60c778;2026-05-07T12:30:00Z;Building upgrade banners now explain when a queued layout is waiting for money in the building account or the correct city-currency account instead of silently sliding forward by one tick forever.;Bannery upgrade budov teraz vysvetľujú, keď naplánované rozloženie čaká na peniaze na účte budovy alebo na správny účet v mene mesta namiesto tichého posúvania o jeden tick donekonečna.;Gebäude-Upgrade-Banner erklären jetzt, wenn ein geplantes Layout auf Geld auf dem Gebäudekonto oder auf das richtige Konto in Stadtwährung wartet, statt still endlos um einen Tick weiterzurutschen.
b8cebeec-a94d-4b25-a7ff-84d4712ac1ca;2026-05-07T10:08:00Z;City context now snaps back to your main factory city after native or Biatec sign-in when the saved city has no factories, with onboarding-city fallback and a confirmation toast.;Kontext mesta sa teraz po natívnom alebo Biatec prihlásení vráti na vaše hlavné výrobné mesto, keď uložené mesto nemá žiadne továrne, s fallbackom na onboardingové mesto a potvrdzovacím toastom.;Der Stadtkontext springt nach nativer oder Biatec-Anmeldung jetzt zurück zu Ihrer Haupt-Fabrikstadt, wenn die gespeicherte Stadt keine Fabriken hat, mit Onboarding-Stadt-Fallback und Bestätigungs-Toast.
9d7eb14c-6eb3-4a4e-b720-52ef0f1ff1a2;2026-05-07T09:20:00Z;Ranking UX is now complete: the game leaderboard links to the global master ranking, your own row is highlighted in both leaderboards, and both pages auto-open on the page that contains your current rank.;UX rebríčka je teraz kompletné: herný rebríček odkazuje na globálny master rebríček, váš vlastný riadok je zvýraznený v oboch rebríčkoch a obe stránky sa automaticky otvoria na stránke, ktorá obsahuje vaše aktuálne poradie.;Die Ranking-UX ist jetzt vollständig: Das Spiel-Leaderboard verlinkt zur globalen Master-Rangliste, Ihre eigene Zeile wird in beiden Ranglisten hervorgehoben und beide Seiten öffnen automatisch die Seite mit Ihrem aktuellen Rang.
88989e24-0935-487d-a54a-6422cdcb4fbe;2026-05-07T07:43:00Z;Building destruction workflow is now live: buildings with defaulted secured loans are automatically listed at 90% of appraised value and destroyed after 72 ticks if not purchased, returning 80% of the original property value to the owner. Dashboard and building detail pages now show a "⚠️ Loan Default" badge with a destruction countdown.;Workflow zničenia budov je teraz aktívny: budovy s nesplatenými zabezpečenými pôžičkami sú automaticky ponúknuté za 90 % odhadovanej hodnoty a zničené po 72 tickoch, ak nie sú kúpené, pričom majiteľ dostane späť 80 % pôvodnej hodnoty nehnuteľnosti. Nástrojová lišta a stránky s podrobnosťami o budovách teraz zobrazujú odznak "⚠️ Zlyhanie pôžičky" s odpočítavaním do zničenia.;Der Workflow zur Gebäudezerstörung ist jetzt live: Gebäude mit ausgefallenen gesicherten Krediten werden automatisch zu 90 % des geschätzten Wertes angeboten und nach 72 Ticks zerstört, wenn sie nicht gekauft werden, wobei dem Eigentümer 80 % des ursprünglichen Immobilienwerts zurückerstattet werden. Dashboard und Gebäudedetailseiten zeigen jetzt ein "⚠️ Kreditausfall"-Abzeichen mit einem Zerstörungs-Countdown.
a1e3f902-7c44-4d8b-b9e5-2d6c8f1047ab;2026-05-07T07:08:00Z;FX Rate History Chart is now available on the Rates tab: track buy, mid, and sell price trends over up to 1000 game ticks with an interactive SVG chart, pair selector, and 24h/7d/30d time range buttons.;Graf histórie FX kurzov je teraz dostupný na karte Kurzy: sledujte trendy nákupných, stredových a predajných cien za posledných až 1000 herných tickov s interaktívnym SVG grafom, výberom páru a tlačidlami časového rozsahu 24h/7d/30d.;Das FX-Kurs-Verlaufsdiagramm ist jetzt auf dem Reiter „Kurse" verfügbar: Verfolgen Sie Kauf-, Mittel- und Verkaufspreistendenz über bis zu 1000 Spielticks mit einem interaktiven SVG-Chart, Paarauswahl und Zeitbereichsschaltflächen 24h/7d/30d.
5c4a38b4-ab7a-42b1-8f32-aa3386595b73;2026-05-07T06:23:42Z;FX rates now show buy/mid/sell prices in a responsive rate list with compact pair codes (e.g. CZKUSD, CZKEUR, EURUSD) aligned to the currency-strength hierarchy.;FX kurzy teraz zobrazujú nákup/stred/predaj v responzívnom zozname kurzov s kompaktnými kódmi párov (napr. CZKUSD, CZKEUR, EURUSD) podľa hierarchie sily mien.;FX-Kurse zeigen jetzt Kauf/Mittel/Verkauf in einer responsiven Kursliste mit kompakten Paarkürzeln (z. B. CZKUSD, CZKEUR, EURUSD), ausgerichtet an der Währungsstärke-Hierarchie.
8826e8e3-b848-4a45-9a18-a2a5b799e4f2;2026-05-07T03:50:27Z;Referral onboarding is now fully wired end-to-end: players can generate unique referral codes, referred accounts are validated and tracked at onboarding, and eligible land purchases receive a permanent 10% discount with onboarding referral banner visibility.;Referral onboarding je teraz plne prepojený end-to-end: hráči môžu generovať jedinečné odporúčacie kódy, odporúčané účty sa pri onboardingu validujú a evidujú a oprávnené nákupy pozemkov získajú trvalú 10 % zľavu s viditeľným onboarding bannerom.;Referral-Onboarding ist jetzt vollständig end-to-end verdrahtet: Spieler können eindeutige Empfehlungscodes generieren, empfohlene Konten werden beim Onboarding validiert und erfasst, und berechtigte Grundstückskäufe erhalten dauerhaft 10 % Rabatt mit sichtbarem Onboarding-Banner.
9c760236-97f1-4fdf-b119-cd5d92eeafe6;2026-05-07T02:22:55Z;News now includes a confirmed "Mark all as read" action, and startup changelog CSV import now logs malformed rows and continues importing resiliently.;Noviny teraz obsahujú potvrdenú akciu „Označiť všetko ako prečítané“ a import changelog CSV pri štarte teraz loguje chybné riadky a pokračuje odolne v importe.;Der Newsbereich enthält jetzt eine bestätigte Aktion „Alle als gelesen markieren“, und der Changelog-CSV-Import beim Start protokolliert fehlerhafte Zeilen und importiert resilient weiter.
7ea795d5-858e-41b5-892c-312735b7ae14;2026-05-07T01:27:41Z;Government company shares are now excluded from stock exchange listings and all government stock buy/sell trades are blocked with a clear error.;Akcie vládnej spoločnosti sú teraz vylúčené zo zoznamov burzy a všetky nákupy/predaje vládnych akcií sú blokované s jasnou chybou.;Aktien des Regierungsunternehmens werden jetzt aus den Börsenlisten ausgeschlossen und alle Kauf-/Verkaufstransaktionen von Regierungsaktien mit einer klaren Fehlermeldung blockiert.
8eed7385-6875-42c7-bc99-4ee10ac4da4b;2026-05-07T00:11:56Z;Admin product analytics now uses cached live 30-day economy aggregations with filters for company, product, city, and time window, including market size, saturation, and research spend.;Administrátorská analytika produktov teraz používa cacheované živé 30-dňové ekonomické agregácie s filtrami podľa firmy, produktu, mesta a časového okna vrátane veľkosti trhu, saturácie a výdavkov na výskum.;Die Admin-Produktanalytik nutzt jetzt zwischengespeicherte Live-30-Tage-Wirtschaftsaggregationen mit Filtern nach Unternehmen, Produkt, Stadt und Zeitfenster einschließlich Marktgröße, Sättigung und Forschungsausgaben.
b1f6402f-ec01-4f4a-a97f-0f4fe6e66316;2026-05-06T23:12:41Z;Operations Dashboard backend now uses live economy aggregations: operations statistics are computed from ledger + FX fee records and product analytics now reads real production, sales, and cost data for each product.;Backend Operačného dashboardu teraz používa živé ekonomické agregácie: operačné štatistiky sa počítajú z ledgeru + záznamov FX poplatkov a analytika produktov teraz číta reálne dáta výroby, predaja a nákladov pre každý produkt.;Das Backend des Operations-Dashboards nutzt jetzt Live-Wirtschaftsaggregationen: Operations-Statistiken werden aus Ledger- und FX-Gebühreneinträgen berechnet und die Produktanalytik liest nun reale Produktions-, Verkaufs- und Kostendaten pro Produkt.
aa4bda70-01a4-4724-b307-4a82fd87ec85;2026-05-06T22:00:00Z;Operations Dashboard launched: admin interface at /operations with four sections — Statistics (money inflow/outflow breakdown over last 100 ticks), News Manager (paginated table for news and changelog entries), Player Management (searchable/sortable player table with detail page and intervention actions), and Product Analytics (filterable, sortable, CSV-exportable per-product stats including production, sales, revenue, costs, and market saturation).;Spustený Operačný dashboard: administrátorské rozhranie na /operations so štyrmi sekciami — Štatistiky (prehľad príjmov/výdavkov za posledných 100 tikov), Správca správ (stránkovaná tabuľka správ a changelogov), Správa hráčov (prehľadávateľná/triediteľná tabuľka hráčov s detailnou stránkou a intervenčnými akciami) a Analytika produktov (filtrovateľné, triediteľné štatistiky produktov s exportom CSV vrátane výroby, predaja, príjmov, nákladov a saturácie trhu).;Operations-Dashboard gestartet: Admin-Oberfläche unter /operations mit vier Bereichen — Statistiken (Geldein-/Ausgänge der letzten 100 Ticks), Newsmanager (paginierte Tabelle für News- und Changelog-Einträge), Spielerverwaltung (durchsuchbare/sortierbare Spielertabelle mit Detailseite und Interventionsaktionen) und Produktanalytik (filterbare, sortierbare, CSV-exportierbare Produktstatistiken inkl. Produktion, Verkauf, Umsatz, Kosten und Marktsättigung).
a3f7c921-e8b4-4d5e-9c12-2b7d1f45e083;2026-05-06T18:45:00Z;Referral code system implemented: game frontend detects the ?ref=CODE URL parameter on load and shows an amber discount banner on the login page; the referral code is persisted to localStorage and stored in the player account on registration; master frontend referral dashboard now displays shareable links per code and game server with one-click copy; backend stores the applied referral code on every new player account.;Implementovaný systém odporúčacích kódov: herný frontend pri načítaní zistí URL parameter ?ref=CODE a zobrazí jantárový banner so zľavou na prihlasovacej stránke; odporúčací kód sa uloží do localStorage a zapíše sa do účtu hráča pri registrácii; master frontend dashboard teraz zobrazuje zdieľateľné odkazy pre každý kód a herný server s kopírovaním jedným kliknutím; backend ukladá použitý odporúčací kód pri každom novom hráčskom účte.;Empfehlungscode-System implementiert: Das Spiel-Frontend erkennt beim Laden den URL-Parameter ?ref=CODE und zeigt auf der Anmeldeseite ein Rabatt-Banner in Bernstein an; der Empfehlungscode wird im localStorage gespeichert und bei der Registrierung im Spielerkonto abgelegt; das Master-Frontend-Empfehlungs-Dashboard zeigt jetzt für jeden Code und Spielserver teilbare Links mit Einzel-Klick-Kopieren an; das Backend speichert den angewendeten Empfehlungscode bei jedem neuen Spielerkonto.
7b0df00f-fe75-46fc-a78d-d2fb61a3c0bb;2026-05-06T16:40:00Z;Personal name generator added to registration: the display name field is now auto-filled with a three-word fictional alias (Firstname Middlename Lastname) generated by the unique-names-generator npm package; a dice button generates a new alias on demand, and a privacy warning reminds players not to use their real name.;Na registráciu pridaný generátor osobných mien: pole zobrazovaného mena je teraz automaticky vyplnené trojslovným fiktívnym aliásom (Meno Stredné meno Priezvisko) generovaným npm balíkom unique-names-generator; tlačidlo kocky vygeneruje na požiadanie nový alias a upozornenie na ochranu súkromia pripomína hráčom, aby nepoužívali svoje skutočné meno.;Persönlicher Namensgenerator zur Registrierung hinzugefügt: das Anzeigenamenfeld wird jetzt automatisch mit einem dreiteiligen fiktiven Alias (Vorname Zweiter Vorname Nachname) ausgefüllt, der vom npm-Paket unique-names-generator generiert wird; ein Würfel-Button generiert auf Wunsch einen neuen Alias, und ein Datenschutzhinweis erinnert Spieler daran, keinen echten Namen zu verwenden.
1c4e07c2-33fb-4cae-badf-2b713e0bf591;2026-05-06T12:40:00Z;Company name generator upgraded: the IPO step now uses the unique-names-generator npm package with industry-specific curated word lists (20 words × 15 suffixes = 300 combinations per industry) and session-aware uniqueness tracking so each regeneration always produces a fresh name without repeats.;Generátor názvov firiem vylepšený: krok IPO teraz používa npm balík unique-names-generator s priemyslovými zoznamami slov (20 slov × 15 prípon = 300 kombinácií na priemysel) a sledovaním jedinečnosti v rámci relácie, takže každá regenerácia vždy produkuje nový názov bez opakovania.;Unternehmensname-Generator verbessert: Der IPO-Schritt nutzt jetzt das npm-Paket unique-names-generator mit branchenspezifischen Wortlisten (20 Wörter × 15 Suffixe = 300 Kombinationen pro Branche) und sitzungsweisem Einzigartigkeits-Tracking, sodass jede Neugenerierung immer einen frischen Namen ohne Wiederholungen liefert.
f3a1b2c9-8e7d-4a5f-bb3c-1d2e9f0a7c4e;2026-05-06T08:42:41Z;Dashboard performance optimized: eliminated the backend bottleneck where every /dashboard load triggered a full write scan of all pending building plans across all players; GetMyCompanies is now read-only with 5-second per-user caching, cutting initial load time from several seconds to under 100ms.;Optimalizovaný výkon dashboardu: odstránený backendový úzke miesto, pri ktorom každé načítanie /dashboard spustilo plný zápis skenovania všetkých nevybavených plánov budov naprieč všetkými hráčmi; GetMyCompanies je teraz len na čítanie s 5-sekundovým cachovaním na používateľa, čím sa skrátil počiatočný čas načítania z niekoľkých sekúnd na menej ako 100ms.;Dashboard-Performance optimiert: Beseitigung des Backend-Engpasses, bei dem jedes /dashboard-Laden einen vollständigen Schreib-Scan aller ausstehenden Gebäudepläne aller Spieler auslöste; GetMyCompanies ist jetzt schreibgeschützt mit 5-Sekunden-Benutzer-Cache, wodurch die anfängliche Ladezeit von mehreren Sekunden auf unter 100ms reduziert wird.
e6eb3def-39d7-459e-8ab1-739458b99898;2026-05-06T08:55:44Z;Localized the word Capitalism in Slovak and German across both the game frontend and master frontend.;Slovo Capitalism bolo lokalizované do slovenčiny a nemčiny naprieč herným frontendom aj master frontendom.;Das Wort Capitalism wurde in beiden Frontends (Spiel-Frontend und Master-Frontend) auf Slowakisch und Deutsch lokalisiert.
0877c3ee-dd03-4fd4-a61b-999ab60e01f1;2026-05-06T04:42:45Z;Country flag icons added throughout the interface: city cards on the /cities page, language picker buttons in the footer, and the context switcher in the navbar now display crisp SVG country flags instead of emoji, with proper accessibility labels and consistent sizing across all viewports.;Ikony vlajok krajín pridané do celého rozhrania: karty miest na stránke /cities, tlačidlá výberu jazyka v päte a prepínač kontextu v navigačnom paneli teraz zobrazujú čisté SVG vlajky krajín namiesto emoji, so správnymi popiskami prístupnosti a konzistentnou veľkosťou na všetkých rozlíšeniach.;Länderflaggen-Symbole im gesamten Interface hinzugefügt: Städtekarten auf der /cities-Seite, Sprachumschalter-Buttons in der Fußzeile und der Kontext-Umschalter in der Navbar zeigen jetzt scharfe SVG-Länderflaggen statt Emoji, mit richtigen Barrierefreiheits-Labels und einheitlicher Größe auf allen Viewports.
babb9d0b-fdcf-4fa4-a72f-d9db915f6e1c;2026-05-06T04:12:44Z;Copy-paste unit configurations in building edit mode: select a unit and press Ctrl+C (Cmd+C on Mac) to copy its configuration to clipboard, then select another unit of the same type and press Ctrl+V (Cmd+V) to paste. Incompatible unit types are rejected with a clear error message. All 16 config fields are round-tripped via a versioned JSON schema.;Kopírovanie a vkladanie konfigurácií jednotiek v režime úpravy budovy: vyberte jednotku a stlačte Ctrl+C (Cmd+C na Macu) na skopírovanie konfigurácie do schránky, potom vyberte inú jednotku rovnakého typu a stlačte Ctrl+V (Cmd+V) na vloženie. Nekompatibilné typy jednotiek sú odmietnuté s jasnou chybovou správou.;Konfigurationen von Einheiten im Gebäude-Bearbeitungsmodus kopieren und einfügen: Eine Einheit auswählen und Strg+C (Cmd+C auf Mac) drücken, um die Konfiguration in die Zwischenablage zu kopieren, dann eine andere Einheit desselben Typs auswählen und Strg+V (Cmd+V) drücken, um einzufügen. Inkompatible Einheitentypen werden mit einer klaren Fehlermeldung abgelehnt.
a1b2c3d4-e5f6-7890-abcd-ef1234567890;2026-05-06T01:52:42Z;Improved building edit mode UI: cancel and save buttons are now side-by-side with Font Awesome icons (X for cancel, floppy disk for save) and colour-coded styling for clearer visual affordance.;Vylepšené UI režimu úpravy budovy: tlačidlá zrušenia a uloženia sú teraz vedľa seba s ikonami Font Awesome (X pre zrušenie, disketa pre uloženie) a farebne rozlíšené pre jasnejšiu vizuálnu srozumiteľnosť.;Verbessertes UI für den Bearbeitungsmodus von Gebäuden: Abbrechen- und Speichern-Schaltflächen befinden sich jetzt nebeneinander mit Font Awesome-Symbolen (X zum Abbrechen, Diskette zum Speichern) und farblich kodierten Stilen für klarere visuelle Affordanz.
8dc3a3fa-7f5b-4d8d-806d-c7ffadd623ef;2026-05-06T12:00:00Z;Tab-based UI improvements for building management: building overview now shows P&L statistics and location in a dedicated tab component; building edit mode reorganised into General, Production, Inventory, and Sales tabs; dashboard tab navigation spacing polished; new i18n keys added for all tab labels.;Vylepšenia UI so záložkami pre správu budov: prehľad budovy teraz zobrazuje štatistiky ziskov a strát a polohu v samostatnej záložkovej komponente; režim úpravy budovy bol preorganizovaný do záložiek Všeobecné, Výroba, Zásoby a Predaj; vylepšené rozstupy navigácie záložiek na paneli; pridané nové kľúče i18n pre všetky názvy záložiek.;Tab-basierte UI-Verbesserungen für das Gebäudemanagement: Die Gebäudeübersicht zeigt jetzt G&V-Statistiken und Standort in einer dedizierten Tab-Komponente; der Bearbeitungsmodus wurde in die Tabs Allgemein, Produktion, Inventar und Verkauf neu gegliedert; Abstände in der Dashboard-Tab-Navigation verbessert; neue i18n-Schlüssel für alle Tab-Bezeichnungen hinzugefügt.
2bbee14e-7604-4dc3-aa5e-e290e67e6051;2026-05-05T21:34:00Z;Dynamic bank deposit rate management: bank owners can now schedule a deposit interest rate change (0%–50%) that applies to all deposits 24 game-hours later. Rate change history with pending/applied status is visible in the bank management panel.;Dynamická správa sadzieb bankových vkladov: majitelia bánk môžu naplánovať zmenu úrokovej sadzby vkladov (0 %–50 %), ktorá sa 24 herných hodín neskôr vzťahuje na všetky vklady. História zmien sadzieb so stavom čakajúce/aplikované je viditeľná v paneli správy banky.;Dynamisches Bankeinlagenzins-Management: Bankeigentümer können jetzt eine Zinsänderung (0 %–50 %) planen, die 24 Spielstunden später auf alle Einlagen angewendet wird. Der Verlauf der Zinsänderungen mit Status ausstehend/angewendet ist im Bank-Verwaltungspanel sichtbar.
c4f3e276-a614-47aa-8344-b73a53334efc;2026-05-05T03:51:00Z;NPC bot test suite expanded to 695 tests: new third-wave coverage adds rank-preservation when rankings fail, BotProfitCalculator constant regression guards, and StrategyRecommendation reason-text format verification.;Testovacia sada NPC botov rozšírená na 695 testov: nová pokrytie tretej vlny pridáva zachovanie pozície pri zlyhaní rebríčka, ochranné testy konštánt BotProfitCalculator a overenie formátu textu odporúčaní StrategyRecommendation.;Die NPC-Bot-Testsuite wurde auf 695 Tests erweitert: Neue Third-Wave-Abdeckung fügt Rang-Erhalt bei Rankings-Fehler, Konstantenregressionstests für BotProfitCalculator und Formatprüfung des StrategyRecommendation-Grundtexts hinzu.
8b2d4036-a91c-41d2-a849-78eaf6bb1904;2026-05-05T00:30:00Z;NPC bot test suite expanded to 535 tests: new integration tests verify neutral and profitable bots never call price-adjustment, TrackingStartTick is set at init and never overwritten in ticks, LastSuccessUtc updates on tick success, onboarding failures increment consecutive errors, and PendingRecommendation is NoAction (not null) for non-acting bots.;Testovacia sada NPC botov rozšírená na 535 testov: nové integračné testy overujú, že neutrálne a ziskové boty nikdy nevolajú úpravu cien, TrackingStartTick sa nastaví pri inicializácii a v tikoch sa neprepíše, LastSuccessUtc sa aktualizuje pri úspechu tiku, zlyhania onboardingu zvyšujú počet po sebe idúcich chýb a PendingRecommendation je NoAction pre boty bez akcie.;Die NPC-Bot-Testsuite wurde auf 535 Tests erweitert: Neue Integrationstests bestätigen, dass neutrale und profitable Bots nie die Preisanpassung aufrufen, TrackingStartTick beim Init gesetzt und in Ticks nicht überschrieben wird, LastSuccessUtc bei Tick-Erfolg aktualisiert wird, Onboarding-Fehler aufeinanderfolgende Fehler erhöhen und PendingRecommendation für nicht-handelnde Bots NoAction (nicht null) ist.
1927e6b9-d5a8-4eb9-b201-7c121fd2f92d;2026-05-04T20:30:00Z;NPC bots now act on strategy recommendations: when an unprofitable bot identifies a loss, it automatically calls the updatePublicSalesPrice mutation to reduce prices on its PUBLIC_SALES units, closing the ROADMAP gap between recommendation and action.;NPC boti teraz konajú podľa strategických odporúčaní: keď neziskový bot identifikuje stratu, automaticky zavolá mutáciu updatePublicSalesPrice a zníži ceny na svojich predajných jednotkách, čím sa uzatvára rozdiel medzi odporúčaním a akciou.;NPC-Bots handeln jetzt nach Strategieempfehlungen: Wenn ein unrentabler Bot einen Verlust erkennt, ruft er automatisch die Mutation updatePublicSalesPrice auf und senkt die Preise seiner PUBLIC_SALES-Einheiten, wodurch die ROADMAP-Lücke zwischen Empfehlung und Aktion geschlossen wird.
2447512f-3958-49c0-8108-8373f05e7003;2026-05-04T19:30:00Z;NPC bot profitability analyser now classifies each bot as Profitable/Neutral/Unprofitable, computes annualised profit rate, and recommends price-adjustment actions; state validator reports token, onboarding, and staleness issues per bot.;NPC bot analyzátor ziskovosti teraz klasifikuje každého bota ako Ziskový/Neutrálny/Neziskový, vypočíta anualizovanú mieru zisku a odporúča cenové úpravy; validátor stavu hlási problémy s tokenom, onboardingom a zastaranosťou pre každého bota.;Der NPC-Bot-Rentabilitätsanalysator klassifiziert jeden Bot jetzt als Rentabel/Neutral/Unrentabel, berechnet die annualisierte Gewinnrate und empfiehlt Preisanpassungen; der Zustandsprüfer meldet Token-, Onboarding- und Stale-Probleme je Bot.
0d3cf6d7-b5db-4b98-9cd0-a714cf655410;2026-05-04T15:15:00Z;Biatec sign-in now resets failed OIDC sessions so denied Google Drive consent can be retried cleanly, and onboarding help now reflects the city-first flow plus the account-save step with refreshed screenshots.;Biatec prihlasenie teraz resetuje zlyhane OIDC relacie, aby sa po odmietnuti suhlasu s Google Drive dalo cisto zopakovat prihlasenie, a onboarding pomoc uz zodpoveda flow s mestom na prvom mieste aj kroku ulozenia do uctu s obnovenymi screenshotmi.;Die Biatec-Anmeldung setzt fehlgeschlagene OIDC-Sitzungen jetzt zurueck, damit eine verweigerte Google-Drive-Einwilligung sauber erneut versucht werden kann, und die Onboarding-Hilfe bildet jetzt den city-first Ablauf sowie den Konto-Speicher-Schritt mit aktualisierten Screenshots ab.
4bde8e4f-5ba8-4ed3-91c3-db924c5c4c9f;2026-05-04T13:00:00Z;City Economic Health dashboard now live: each city map shows a live index (0-100) tracking salaries, public revenue, power balance, and product quality — Thriving cities grow in population, Declining cities shrink; full history and detail modal included.;Na mape každého mesta je teraz naživo ekonomický zdravotný dashboard: živý index (0-100) sleduje mzdy, verejné príjmy, energetickú bilanciu a kvalitu produktov — prosperujúce mestá rastú v populácii, upadajúce mestá sa zmenšujú; vrátane kompletnej histórie a modálneho okna s detailmi.;Das wirtschaftliche Gesundheits-Dashboard der Städte ist jetzt live: Jede Stadtkarte zeigt einen Live-Index (0-100) mit Gehältern, öffentlichen Einnahmen, Energiebilanz und Produktqualität — florierende Städte wachsen, rückläufige Städte schrumpfen; vollständige Geschichte und Detailmodal enthalten.
62eb3d22-d8c5-4903-924b-ed1a173533a7;2026-05-04T11:13:00Z;Player profile pages are live: visit /player/:id to see any player's public profile — rank, wealth, company count, active industries, cities, total products sold, editable bio (max 160 chars), and a Hall-of-Fame panel. Leaderboard rows now link directly to each player's profile page.;Profily hráčov sú naživo: navštívte /player/:id a zobrazte si verejný profil hráča — poradie, bohatstvo, počet spoločností, aktívne odvetvia, mestá, celkové predané produkty, editovateľný životopis (max 160 znakov) a panel Sieň slávy. Riadky rebríčka teraz odkazujú priamo na profil každého hráča.;Spielerprofilseiten sind live: Besuche /player/:id um das öffentliche Profil eines Spielers zu sehen — Rang, Vermögen, Unternehmensanzahl, aktive Branchen, Städte, insgesamt verkaufte Produkte, editierbare Biografie (max. 160 Zeichen) und ein Ruhmeshallen-Panel. Ranglisten-Zeilen verlinken jetzt direkt auf das Profil jedes Spielers.
7f3a1e2d-8c4b-4e9a-b5f1-2d6e0a3c9d7e;2026-05-04T10:22:57Z;Tutorial system launched: track progress through 5 guided milestones (first sale, B2B trade, loan, competitor intel, brand) at /tutorial with bounty points and Resume deep-links; backend persists milestone state per player; UI fully localised in English, Slovak, and German.;Tutoriálový systém spustený: sledujte postup cez 5 riadených míľnikov (prvý predaj, B2B obchod, úver, konkurenčné spravodajstvo, značka) na /tutorial s odmenovými bodmi a odkazmi Pokračovať; backend uchováva stav míľnikov pre každého hráča; UI plne lokalizované v angličtine, slovenčine a nemčine.;Tutorial-System gestartet: Verfolgen Sie den Fortschritt durch 5 geführte Meilensteine (erster Verkauf, B2B-Handel, Kredit, Wettbewerbsanalyse, Marke) unter /tutorial mit Bonuspunkten und Fortsetzen-Direktlinks; Backend speichert Meilenstein-Status pro Spieler; UI vollständig auf Englisch, Slowakisch und Deutsch lokalisiert.
554e16a4-9205-4028-b250-b493c0828c49;2026-05-04T08:23:00Z;Resource depletion and scarcity feedback is live: mine deposits now deplete each tick, mining output stops when fully exhausted, and a player notification with a buy-new-lot link fires on depletion. Every 8760 ticks city deposits regenerate. The mine building detail shows a colour-coded progress bar (green/yellow/red) with estimated ticks to depletion, and the dashboard building card shows a warning badge when below 20% remaining.;Vyčerpávanie zdrojov a spätná väzba na nedostatok je naživo: zásoby baní sa teraz každý tick vyčerpávajú, ťažobný výstup sa zastaví po úplnom vyčerpaní a pri vyčerpaní sa odošle hráčské upozornenie s odkazom na nákup nového pozemku. Každých 8760 tickov sa mestské zásoby obnovia. Detail banskej budovy zobrazuje farebný ukazovateľ pokroku (zelená/žltá/červená) s odhadom tickov do vyčerpania a karta budovy na paneli zobrazuje varovný odznak pri poklese pod 20 % zásob.;Ressourcenerschöpfung und Knappheits-Feedback sind live: Minenlagerstätten erschöpfen sich jetzt jeden Tick, der Förderausgang stoppt bei vollständiger Erschöpfung und eine Spielerbenachrichtigung mit einem Kauflink feuert bei Erschöpfung. Alle 8760 Ticks regenerieren sich städtische Lagerstätten. Das Minen-Gebäudedetail zeigt einen farbkodierten Fortschrittsbalken (grün/gelb/rot) mit geschätzten Ticks bis zur Erschöpfung und die Dashboard-Gebäudekarte zeigt ein Warnzeichen bei unter 20% verbleibenden Vorräten.
4653a877-79af-4eb7-9450-737827b046a6;2026-05-04T05:00:00Z;Inter-city trade routes are now live: configure a B2B sales unit to ship resources or products to a purchase unit in another city. The /trade-routes page lists all active and completed routes with status badges, ETA, shipping cost estimates, and city names. Transit costs are calculated from GPS distance, product weight, and city fuel price index.;Meziměstské obchodné trasy sú teraz k dispozícii: nakonfigurujte predajnú jednotku B2B na odoslanie surovín alebo produktov do nákupnej jednotky v inom meste. Stránka /trade-routes zobrazuje všetky aktívne a dokončené trasy so stavovými odznakmi, ETA, odhadovanými nákladmi na dopravu a názvami miest. Prepravné náklady sa vypočítavajú z GPS vzdialenosti, hmotnosti produktu a indexu cien pohonných hmôt mesta.;Innerstädtische Handelsrouten sind jetzt verfügbar: Konfigurieren Sie eine B2B-Verkaufseinheit, um Ressourcen oder Produkte an eine Einkaufseinheit in einer anderen Stadt zu versenden. Die Seite /trade-routes zeigt alle aktiven und abgeschlossenen Routen mit Statusbadges, ETA, Versandkostenschätzungen und Stadtnamen an. Transportkosten werden aus GPS-Entfernung, Produktgewicht und städtischem Kraftstoffpreisindex berechnet.
6af73d74-a32e-42af-b7eb-3c904d7ae1d3;2026-05-03T16:10:00Z;Seasonal demand mechanics: product demand now varies by game-year quarter — furniture peaks in Q2, electronics surge in Q4, food spikes over holidays; the public sales unit panel shows a live Seasonal Outlook section with current multiplier, 4-quarter forecast chart, colour-coded demand levels, and a contextual callout to guide inventory planning.;Sezónna mechanika dopytu: dopyt po produktoch sa teraz mení podľa herného kvartálu — nábytok kulminuje v Q2, elektronika stúpa v Q4, potraviny rastú počas sviatkov; panel predajnej jednotky zobrazuje sekciu Sezónny výhľad s aktuálnym multiplikátorom, 4-kvartálovou predpoveďou, farebne kódovanými úrovňami dopytu a kontextovým upozornením pre plánovanie zásob.;Saisonale Nachfragemechanik: Die Produktnachfrage variiert jetzt nach Spieljahresquartal — Möbel erreichen Q2-Hochs, Elektronik boomt in Q4, Lebensmittel steigen über die Feiertage; das Panel der Verkaufseinheit zeigt einen Live-Bereich Saisonaler Ausblick mit aktuellem Multiplikator, 4-Quartals-Prognosediagramm, farbcodierten Nachfragestufen und einem Handlungshinweis zur Lagerplanung.
f3e5d566-b460-44dc-a340-522474bc9846;2026-05-03T22:10:00Z;Onboarding now self-heals legacy personal startup cash to guarantee the founder contribution is debited from a USD personal account, and auth CTAs now use "Sign in with google" with a Google icon in login and onboarding save flows.;Onboarding teraz sam opravuje legacy osobny startovny cash tak, aby sa zakladatelsky vklad vzdy odpocital z osobneho uctu v USD, a autentifikacne CTA teraz pouzivaju text "Sign in with google" s Google ikonou v login a onboarding save flow.;Onboarding behebt jetzt automatisch legacy persoenliches Startkapital, damit der Gruenderbeitrag immer vom persoenlichen USD-Konto abgebucht wird, und die Auth-CTA nutzt jetzt "Sign in with google" mit Google-Icon im Login- und Onboarding-Save-Flow.
f04a9b25-5fb1-4c39-b887-093d44be4742;2026-05-03T20:40:00Z;Onboarding guest save now uses Biatec sign-in only, automatically persists guest onboarding choices after callback, and factory/shop lot pickers now hide owned lots while purchase buttons stay disabled until a lot is selected.;Ulozenie pokroku hosta v onboardingu teraz pouziva iba prihlasenie cez Biatec, po navrate z callbacku automaticky ulozi hostove volby a vyber parciel pre tovaren a obchod uz skryva obsadene parcely, pricom tlacidla nakupu ostavaju vypnute kym nie je vybrana parcela.;Das Speichern des Gastfortschritts im Onboarding nutzt jetzt nur noch die Biatec-Anmeldung, speichert die Gast-Auswahl nach dem Callback automatisch und die Parzellenauswahl fuer Fabrik/Laden blendet besetzte Parzellen aus, waehrend die Kaufbuttons deaktiviert bleiben bis eine Parzelle ausgewaehlt ist.
0b2a55e5-4d59-485a-96bf-8f8f4a13365e;2026-05-03T18:30:00Z;Fixed the /cities GraphQL schema mismatch by removing the invalid ResourceType emoji field and improved onboarding so Buy first factory now shows clear inline error text next to the button and logs detailed console errors when the action cannot proceed.;Opravili sme nezhodu GraphQL schemy na stranke /cities odstraneni neplatneho pola emoji z ResourceType a zlepsili onboarding tak, aby tlacidlo Kupit prvu tovaren zobrazilo jasnu chybu priamo pri tlacidle a zapisalo detailne chyby do konzoly, ked akcia nemoze pokracovat.;Der GraphQL-Schemafehler auf /cities wurde behoben, indem das ungueltige ResourceType-Feld emoji entfernt wurde, und das Onboarding wurde verbessert, sodass Bei erste Fabrik kaufen jetzt eine klare Fehlermeldung direkt neben dem Button zeigt und detaillierte Konsolenfehler protokolliert, wenn die Aktion nicht fortgesetzt werden kann.
9908a5e0-e3ea-408b-a628-2aa457f044fb;2026-05-03T17:15:01Z;Fixed Biatec JWT compatibility in GraphQL authentication so signed-in players can access protected queries without AUTH_NOT_AUTHENTICATED caused by issuer/metadata mismatch.;Opravili sme kompatibilitu Biatec JWT v GraphQL autentifikacii, aby sa prihlaseni hraci dostali k chranenym query bez chyby AUTH_NOT_AUTHENTICATED sposobenej nesuladom issuer/metadata.;Die Biatec-JWT-Kompatibilita in der GraphQL-Authentifizierung wurde korrigiert, sodass angemeldete Spieler geschuetzte Queries ohne AUTH_NOT_AUTHENTICATED durch Issuer/Metadata-Mismatch aufrufen koennen.
4f90fe3d-1278-4385-a84f-48b05114db32;2026-05-03T16:55:23Z;Biatec OIDC sign-in now works across both game and master portals with secure callback validation, proactive token renewal scheduling, and backend acceptance of Biatec JWTs on both Api and MasterApi.;Prihlasenie cez Biatec OIDC teraz funguje v hernom aj master portali s bezpecnou validaciou callbacku, proaktivnym planovanim obnovy tokenu a podporou Biatec JWT na backendoch Api aj MasterApi.;Die Biatec-OIDC-Anmeldung funktioniert jetzt im Spiel- und Master-Portal mit sicherer Callback-Validierung, proaktiver Token-Erneuerungsplanung und Backend-Akzeptanz von Biatec-JWTs in Api und MasterApi.
daaabdcc-c8ed-4993-9d40-c855f96f9b23;2026-05-03T12:32:00Z;Real-world map integration: GPS coordinates now validated against sub-2% accuracy standard; logistics costs scale with Haversine distance and fuel price; land availability guaranteed at 10+ lots per building type per city; 25 new backend unit tests and 10 E2E full-journey tests added.;Integrácia mapy reálneho sveta: GPS súradnice sú validované s presnosťou pod 2%; logistické náklady sa škálujú podľa Haversinovej vzdialenosti a ceny paliva; dostupnosť pozemkov zaručená na 10+ parciel na typ budovy a mesto; pridaných 25 nových backendových testov a 10 E2E testov.;Integration der Echtweltkarte: GPS-Koordinaten werden mit unter 2% Genauigkeit validiert; Logistikkosten skalieren nach Haversine-Entfernung und Treibstoffpreis; Grundstücksverfügbarkeit garantiert mit 10+ Parzellen pro Gebäudetyp und Stadt; 25 neue Backend-Tests und 10 E2E Full-Journey-Tests hinzugefügt.
3e8b1f24-7d9a-4c6e-a503-1b2c0d5e7f91;2026-05-03T13:20:00Z;City expansion: Berlin (EUR, Germany) and Warsaw (PLN, Poland) added as fully playable cities with curated building lots, resource abundances, and GPS-validated coordinates — select them during onboarding and browse lots on the city map.;Rozšírenie miest: Berlin (EUR, Nemecko) a Varšava (PLN, Poľsko) sú pridané ako plne hrateľné mestá s pripravenými stavebnými parcelami, abundanciami zdrojov a GPS validovanými súradnicami — vyberte ich počas onboardingu a prehliadajte parcely na mape mesta.;Stadterweiterung: Berlin (EUR, Deutschland) und Warschau (PLN, Polen) wurden als vollständig spielbare Städte hinzugefügt — mit kuratierten Bauparzellen, Ressourcenvorkommen und GPS-validierten Koordinaten; wählbar beim Onboarding und auf der Stadtkarte browsbar.
0a4a37c0-e68d-44ff-b756-5dfe4d768e06;2026-05-03T09:42:00Z;Completed onboarding financial validation: added comprehensive backend tests verifying the 200k USD IPO transfer leaves the personal account with zero balance in all currencies, with personal and company ledger entries showing both sides of the transaction.;Dokoncene overenie financneho stavu po onboardingu: pridane komplexne backendove testy overujuce, ze prevedenie 200k USD na IPO zanecha osobny ucet s nulovym zostatkom vo vsetkych menach, s polozkami v osobnom aj firemnom hlavnom ucte zobrazujucimi obe strany transakcie.;Vollständige Finanzvalidierung beim Onboarding hinzugefügt: umfassende Backend-Tests, die sicherstellen, dass die 200k USD IPO-Übertragung das persönliche Konto in allen Währungen auf null lässt, mit Einträgen im persönlichen und Unternehmenshauptbuch, die beide Seiten der Transaktion zeigen.
b2e4d6f8-1a3c-4e5f-9b7d-8c2a0e1f3b4d;2026-05-04T10:00:00Z;Added Berlin (EUR, Germany) and Warsaw (PLN, Poland) as new playable cities with resource abundances, and introduced a /cities frontend page showing all cities with population, currency, salary, and top resources.;Pridali sme Berlin (EUR, Nemecko) a Varšavu (PLN, Poľsko) ako nové hrateľné mestá s abundanciami zdrojov a vytvorili sme stránku /cities zobrazujúcu všetky mestá s populáciou, menou, mzdou a top zdrojmi.;Berlin (EUR, Deutschland) und Warschau (PLN, Polen) wurden als neue spielbare Staedte mit Ressourcenvorkommen hinzugefuegt, und eine /cities-Seite wurde eingefuehrt, die alle Staedte mit Bevoelkerung, Waehrung, Gehalt und Top-Ressourcen anzeigt.
a1e3c7b9-2d4f-4e8a-bc91-6f5e2a3d8b72;2026-05-03T07:52:34Z;Pro subscribers can now launch a Construction company during onboarding — choose from Residential Block, Commercial Block, and Industrial Block, all manufactured from Iron Ore. Free players see a locked PRO badge on the Construction card.;Pro predplatitelia teraz mozu zakladat stavebnu spolocnost pocas onboardingu — vyberte si z Obytneho bloku, Komercneho bloku a Priemyselneho bloku, ktore su vsetky vyrabane zo zeleznej rudy. Bezplatni hraci vidia uzamknute PRO odznaky na karte stavebnictva.;Pro-Abonnenten koennen jetzt beim Onboarding ein Bauunternehmen gruenden — auswaehlen aus Wohnblock, Gewerbeblock und Industrieblock, alle aus Eisenerz hergestellt. Kostenlose Spieler sehen ein gesperrtes PRO-Abzeichen auf der Baukarten.
f4d2a538-f8f5-4a0d-81a8-31fd4f5ac4cd;2026-05-03T12:00:00Z;Frontend E2E automation is now organized into full-journey, docs, and archive suites, CI runs only the full-journey regression flow by default, and dedicated npm commands were added for each suite.;Frontend E2E automatizacia je teraz organizovana do full-journey, docs a archive suite, CI predvolene spusta iba full-journey regresny flow a pre kazdy suite pribudli samostatne npm prikazy.;Frontend-E2E-Automatisierung ist jetzt in Full-Journey-, Docs- und Archive-Suiten organisiert, CI fuehrt standardmaessig nur den Full-Journey-Regression-Flow aus, und fuer jede Suite wurden eigene npm-Befehle hinzugefuegt.
c384d085-e39a-46c3-aa0c-cbaac10c6e26;2026-05-02T13:13:21Z;Pro subscribers can now launch an Electronics company during onboarding — choose from Basic Electronics, LED Screen, and Circuit Board, all manufactured from Silicon. Free players see a locked PRO badge on the Electronics card.;Pro predplatitelia teraz mozu zakladat elektronicku spolocnost pocas onboardingu — vyberte si zo Zakladnej elektroniky, LED obrazovky a Dosky plosnych spojov, ktore su vsetky vyrabane zo kremiku. Bezplatni hraci vidia uzamknute PRO odznaky na karte elektroniky.;Pro-Abonnenten koennen jetzt beim Onboarding ein Elektronikunternehmen gruenden — auswaehlen aus Basiselektronik, LED-Bildschirm und Leiterplatte, alle aus Silizium hergestellt. Kostenlose Spieler sehen ein gesperrtes PRO-Abzeichen auf der Elektronik-Karte.
6fdb785b-1a87-4ab0-9255-875ce3bb238b;2026-05-02T20:57:32Z;Fixed personal onboarding cash tracking in PostgreSQL so the 200k USD founder contribution is now actually debited, and Bank Statement now shows personal-account startup funding plus founder-contribution conversion events for better onboarding transparency.;Opravili sme sledovanie osobnej onboardovacej hotovosti v PostgreSQL, takze zakladatelsky prispevok 200k USD sa teraz skutocne odpocita, a Bankovy vypis teraz zobrazuje startup financovanie osobneho uctu aj konverzne udalosti zakladatelskeho prispevku pre lepsiu transparentnost onboardingu.;Die Verfolgung der persoenlichen Onboarding-Liquiditaet in PostgreSQL wurde korrigiert, sodass der Gruenderbeitrag von 200k USD jetzt tatsaechlich abgebucht wird, und der Kontoauszug zeigt nun Startfinanzierung des persoenlichen Kontos sowie Konversionsereignisse des Gruenderbeitrags fuer mehr Onboarding-Transparenz.
15d6e5e5-5a53-4411-aa75-e938eea2362c;2026-05-02T20:41:07Z;Onboarding now uses consistent step widths with 3-column city and industry cards, factory/shop purchase actions stay disabled until a lot is selected with clear guidance text, and starter founder/IPO funding now starts from 200k USD with city-currency conversion based on ownership plan.;Onboarding teraz pouziva konzistentnu sirku krokov s 3-stlpcovymi kartami miest a odvetvi, akcie na kupu tovarne/obchodu ostanu vypnute kym nie je vybrany pozemok s jasnym navodom, a startovne financovanie zakladatela a IPO teraz zacina z 200k USD s prepocitom do meny mesta podla planu vlastnictva.;Onboarding nutzt jetzt konsistente Schrittbreiten mit 3-spaltigen Stadt- und Branchenkarten, Kaufaktionen fuer Fabrik/Laden bleiben deaktiviert bis ein Grundstueck ausgewaehlt ist inklusive klarer Hinweistexte, und die Startfinanzierung fuer Gruender und IPO startet jetzt bei 200k USD mit Umrechnung in die Stadtwaehrung je nach Eigentumsplan.
ed43be83-18ab-42ad-976a-fc0f7c9d0a99;2026-05-02T20:06:59Z;Onboarding reliability was improved: JWT player-claim sync now safely handles duplicate-email races without backend save crashes, IPO guidance now uses USD-based founder and raise amounts converted into local city currency, and bank full view now initializes personal context so opening a personal bank account is always available when eligible.;Spolahlivost onboardingu bola zlepsena: synchronizacia JWT player claimov teraz bezpecne riesi preteky s duplicitnym emailom bez backend padov pri ukladani, IPO sprievodca teraz pouziva sumy zakladatela a IPO raisu v USD prepocitane do lokalnej meny mesta a bankovy full view teraz inicializuje personalny kontext tak, aby bolo otvorenie osobneho bankoveho uctu vzdy dostupne ked je hrac opravneny.;Die Zuverlaessigkeit des Onboardings wurde verbessert: Die JWT-Player-Claim-Synchronisierung behandelt jetzt Duplicate-Email-Races sicher ohne Backend-Speicherabstuerze, die IPO-Hinweise nutzen jetzt USD-basierte Gruender- und Raise-Betraege mit Umrechnung in die lokale Stadtwaehrung, und die Bank-Vollansicht initialisiert jetzt den persoenlichen Kontext, damit das Oeffnen eines persoenlichen Bankkontos bei Berechtigung immer verfuegbar ist.
7f588067-cd5d-425c-bdba-64b224f9e587;2026-05-02T14:21:35Z;New players now start with a dedicated 200k USD personal account for IPO onboarding, forex swap and transfer selectors are now strictly scoped to the active context-switcher account, and the navbar notification bell icon is rendered correctly again.;Novy hraci teraz zacinaju s dedikovanym osobnym uctom 200k USD pre IPO onboarding, selektory forex swapu a transferu su teraz prisne obmedzene na aktivny ucet z context switchera a ikona zvonceka notifikacii v hlavicke je opat spravne zobrazena.;Neue Spieler starten jetzt mit einem dedizierten persoenlichen 200k-USD-Konto fuer das IPO-Onboarding, Forex-Swap- und Transfer-Selektoren sind jetzt strikt auf das aktive Context-Switcher-Konto begrenzt, und das Benachrichtigungsglocken-Icon in der Navigation wird wieder korrekt angezeigt.
8a29e6cc-dc1a-4d85-b087-59ff5e331760;2026-05-02T12:00:00Z;Backend now uses a shared `projects/Shared` library for common declarations, including unified MasterRankingBountyCodes consumed by both APIs and ranking integration tests.;Backend teraz pouziva zdielanu kniznicu `projects/Shared` pre spolocne deklaracie, vratane zjednotenych MasterRankingBountyCodes pouzivanych oboma API a ranking integracnymi testami.;Das Backend nutzt jetzt eine gemeinsame Bibliothek `projects/Shared` fuer gemeinsame Deklarationen, einschliesslich vereinheitlichter MasterRankingBountyCodes, die von beiden APIs und Ranking-Integrationstests verwendet werden.
1947d77d-81d7-4cbf-983e-9e22a327cad2;2026-05-01T20:06:26Z;Players now get a navbar notification bell with unread badge and inbox panel, plus configurable alert thresholds for low bank-account balance and low public-sales inventory directly in building management screens.;Hraci teraz maju v navigacii zvoncek notifikacii s odznakom neprecitanych sprav a panelom dorucenej posty, plus nastavitelne limity upozorneni na nizky zostatok bankoveho uctu a nizky stav zasob vo verejnom predaji priamo v obrazovkach spravy budov.;Spieler erhalten jetzt eine Benachrichtigungsglocke in der Navigation mit Ungelesen-Badge und Inbox-Panel sowie konfigurierbare Warnschwellen fuer niedrigen Bankkontostand und niedrigen Lagerbestand im oeffentlichen Verkauf direkt in den Gebaeudeverwaltungsansichten.
1538c60a-4a11-47de-a528-3c26414dc831;2026-05-01T18:55:14Z;Market Intelligence is now available from the dashboard with city-based seller rankings per product, public sales units now include a Competition view with market-share pie and price trend, and the Global Exchange now shows 50-tick ask-price sparklines per resource.;Trhova inteligencia je teraz dostupna z dashboardu s mestskym rebrickom predajcov pre kazdy produkt, jednotky verejneho predaja maju novu sekciu Konkurencia s kolacovym grafom podielu na trhu a cenovym trendom, a Global Exchange teraz zobrazuje 50-tick sparkliny nakupnych cien pre kazdu surovinu.;Market Intelligence ist jetzt vom Dashboard aus verfuegbar mit staedtischen Verkaeufer-Rankings pro Produkt, Public-Sales-Einheiten enthalten jetzt eine Wettbewerbsansicht mit Marktanteils-Tortendiagramm und Preistrend, und die Global Exchange zeigt jetzt 50-Tick-Ask-Preis-Sparklines pro Rohstoff.
9c2e90f4-1c2c-4f0f-a00b-4d4f8b4b1b3e;2026-05-01T17:20:00Z;Master portal support tickets now open in a dedicated full-page detail view from the ticket list, ranking bounty history uses consistent card-style panels, and admin users get direct header links to support and ranking administration tools.;Support tikety na master portali sa teraz zo zoznamu otvaraju do samostatnej celostrankovej detailnej obrazovky, historia ranking bounty pouziva konzistentny kartovy styl panelov a admin pouzivatelia maju v hlavicke priame odkazy na support a ranking administracne nastroje.;Support-Tickets im Master-Portal öffnen jetzt aus der Ticketliste in einer dedizierten Vollseiten-Detailansicht, der Verlauf der Ranking-Bounties nutzt konsistente Karten-Panels, und Admin-Benutzer erhalten direkte Header-Links zu den Support- und Ranking-Administrationswerkzeugen.
0f4a27c7-cf3f-4e69-8e92-0d38186f6b3f;2026-05-01T14:40:00Z;Gameplay bounty telemetry can now stay enabled even when game-server registry heartbeat is disabled, and ranking ingestion now has regression coverage proving unknown active players receive Manufacturer and Wholesaler rewards after account auto-registration.;Telemetria hernych bounty moze teraz ostat zapnuta aj ked je vypnuty heartbeat registracie herneho servera, a ranking ingest ma novu regresnu kontrolu ktora overuje ze neznamy aktivny hrac po auto-registracii uctu dostane odmeny Manufacturer a Wholesaler.;Gameplay-Bounty-Telemetrie kann jetzt aktiv bleiben, auch wenn der Registry-Heartbeat des Spielservers deaktiviert ist, und der Ranking-Ingest hat neue Regressionstests, die belegen, dass unbekannte aktive Spieler nach automatischer Kontoanlage Manufacturer- und Wholesaler-Belohnungen erhalten.
43cc050c-afd3-4ad9-a7af-7dbc91cc7725;2026-05-01T13:59:42Z;Master portal now uses split support pages (dashboard, new ticket, ticket list with active-only default), referral screens explain one-time code and earned gold-token incentives, bounty sub-navigation was streamlined, and game telemetry now captures same-tick unsaved wholesaler activity more reliably.;Master portal teraz pouziva rozdelene support stranky (dashboard, novy tiket, zoznam tiketov s predvolenym aktivnym filtrom), referral obrazovky jasne vysvetluju jednorazove nastavenie kodu a motivaciu cez zarobene gold tokeny, bounty podnavigacia bola zjednodusena a herna telemetria teraz spolahlivejsie zachytava velkoobchodnu aktivitu aj v tom istom ticku pred ulozenim.;Das Master-Portal nutzt jetzt aufgeteilte Support-Seiten (Dashboard, neues Ticket, Ticketliste mit aktivem Standardfilter), Referral-Ansichten erklaeren klar die einmalige Code-Setzung und Gold-Token-Anreize, die Bounty-Subnavigation wurde vereinfacht und die Spiel-Telemetrie erfasst Grosshaendler-Aktivitaet im selben Tick vor dem Speichern jetzt zuverlaessiger.
b6d4a6b5-8ea5-4a47-92fc-c6f8b44e7d8c;2026-05-01T12:10:00Z;Ranking bounties now include a full player dashboard with granted-today status and exact next-availability time, and telemetry events from game-server-only players now auto-create master accounts so rewards and leaderboard progress are processed reliably.;Ranking bounty teraz obsahuje plny hracsky dashboard so stavom udelene dnes a presnym casom dalsieho spristupnenia, a telemetricke udalosti od hracov registrovanych iba na hernom serveri teraz automaticky vytvoria master ucet, aby sa odmeny a postup v rebricku spracovali spolahlivo.;Ranking-Bounties enthalten jetzt ein vollstandiges Spieler-Dashboard mit Heute-vergeben-Status und exakter Zeit bis zur naechsten Verfugbarkeit, und Telemetrie-Ereignisse von Spielern, die nur auf dem Spielserver registriert sind, erstellen nun automatisch Master-Konten, damit Belohnungen und Ranglistenfortschritt zuverlaessig verarbeitet werden.
c948d726-a48c-4a92-a713-a0401c3a4d4e;2026-05-01T13:06:06Z;Gameplay ranking bounties now report with telemetry-only server configuration, daily manufacturing and trading rewards are deduplicated across all servers as documented, and login bounties still remain available once per server each day.;Gameplay bounty v rankingu sa teraz hlasia aj pri serverovej konfiguracii iba pre telemetriu, denne odmeny za vyrobu a obchodovanie sa podla dokumentacie deduplikuju napriec vsetkymi servermi a bounty za prihlasenie zostava dostupna raz denne pre kazdy server.;Gameplay-Ranking-Bounties werden jetzt auch mit reiner Telemetrie-Serverkonfiguration gemeldet, taegliche Belohnungen fuer Produktion und Handel werden wie dokumentiert serveruebergreifend dedupliziert und Login-Bounties bleiben weiterhin einmal pro Server und Tag verfuegbar.
0588f370-7267-4909-a850-dad2ed73513c;2026-05-01T09:17:56Z;Master portal views now share unified jumbotron and sub-navigation components with topic-specific styling, game-admin links are shown only for verified admins, table empty/error states are clearer, and the full master-frontend test suite was refreshed to match the new navigation architecture.;Viewy master portalu teraz zdielaju zjednotene komponenty jumbotronu a sekundarnej navigacie s temami podla obsahu, odkazy pre game adminov sa zobrazia iba overenym adminom, prazdne/chybove stavy tabuliek su jasnejsie a cely test suite master frontendu bol aktualizovany pre novu navigacnu architekturu.;Die Ansichten im Master-Portal nutzen jetzt einheitliche Jumbotron- und Sekundaernavigations-Komponenten mit themenspezifischem Styling, Game-Admin-Links werden nur verifizierten Admins angezeigt, Leer/Fehlerzustaende in Tabellen sind klarer und die komplette Master-Frontend-Testsuite wurde an die neue Navigationsarchitektur angepasst.
3f4f68f1-c339-4f58-9415-b2862aef77f2;2026-05-01T23:20:00Z;Master portal navigation now includes a dedicated Game Servers page and Support Dashboard, the home page focuses on the top-10 ranking leaderboard, and the full ranking view now supports pagination and player-name filtering.;Master portal teraz obsahuje samostatnu stranku Herne servery a dashboard Podpory, domovska stranka sa sustredi na top-10 ranking leaderboard a plny ranking uz podporuje strankovanie aj filter podla mena hraca.;Die Master-Portal-Navigation enthalt jetzt eine dedizierte Spielserver-Seite und ein Support-Dashboard, die Startseite fokussiert die Top-10-Rangliste und die vollstandige Ranglistenansicht unterstutzt nun Seitennavigation und Spielername-Filter.
d8a4f6c2-1e3b-4a0b-9f76-2c1d8e7b5a40;2026-05-01T22:15:00Z;Dashboard now loads faster by batching critical startup data in a single request and rendering immediately while non-critical analytics hydrate in the background.;Dashboard sa teraz načítava rýchlejšie vďaka zlúčeniu kritických úvodných dát do jedného požiadavku a okamžitému vykresleniu, zatiaľ čo nekritické analytiky sa dopĺňajú na pozadí.;Das Dashboard lädt jetzt schneller, indem kritische Startdaten in einer einzigen Anfrage gebündelt werden und die Ansicht sofort gerendert wird, während nicht-kritische Analysen im Hintergrund nachgeladen werden.
e4a3c1f8-5a2e-4d36-9f7b-2b61d9ac8e44;2026-05-01T21:45:00Z;Newsroom now supports pagination and shows the latest 10 entries by default with previous and next page navigation.;Noviny teraz podporujú stránkovanie a štandardne zobrazujú posledných 10 záznamov s navigáciou na predchádzajúcu a ďalšiu stranu.;Der Newsroom unterstützt jetzt Seitennavigation und zeigt standardmäßig die neuesten 10 Einträge mit Navigation zur vorherigen und nächsten Seite.
7d2f4a1e-9b3c-4e5f-a8d2-1c6e0f7b3a95;2026-04-30T23:24:31Z;Game servers now report telemetry events to MasterApi for Login, Manufacturer, Wholesaler, FX Trader, and Stock Trader ranking bounties so player activity automatically earns ranking points across all connected servers.;Herné servery teraz posielajú telemetrické udalosti do MasterApi pre bounty Login, Výrobca, Veľkoobchodník, FX Obchodník a Burzový obchodník, takže aktivita hráčov automaticky prináša body v rankingu na všetkých prepojených serveroch.;Spielserver melden nun Telemetrie-Ereignisse an MasterApi für die Bounties Login, Hersteller, Großhändler, FX-Händler und Börsenhändler, sodass die Spieleraktivität automatisch Ranking-Punkte auf allen verbundenen Servern bringt.
a3e9c01b-5f2e-4d8b-b7a0-9c14e6f35d72;2026-05-01T10:00:00Z;Players can now refer friends during registration using a referral email, automatically awarding the referrer ranking points when the referred friend joins or purchases a subscription/startup pack.;Hráči môžu teraz odporúčať priateľov pri registrácii pomocou referenčného e-mailu, pričom odporúčajúci hráč automaticky získa bodov v rankingu keď pozvaný priateľ sa zaregistruje alebo zakúpi predplatné/startup pack.;Spieler können beim Registrieren jetzt Freunde mit einer Referenz-E-Mail einladen und erhalten automatisch Ranking-Punkte, wenn der eingeladene Freund beitritt oder ein Abonnement bzw. Starter-Paket kauft.
f8c7a12d-3f1f-4a7f-93fe-862c3d2ca2fd;2026-04-30T22:45:00Z;Master portal now includes the first ranking system release with hourly point evaluation, daily score decay, leaderboard and bounty history pages, admin moderation and bounty configuration tools, plus support-ticket game-improver reward integration.;Master portal teraz obsahuje prvu verziu ranking systemu s hodinovym vyhodnocovanim bodov, dennym decay skore, strankami leaderboard a bounty historie, admin nastrojmi na moderaciu a konfiguraciu bounty, plus integraciu odmeny game improver zo support ticketov.;Das Master-Portal enthaelt jetzt die erste Version des Ranking-Systems mit stuendlicher Punkteauswertung, taeglichem Score-Decay, Leaderboard- und Bounty-Verlaufsseiten, Admin-Werkzeugen fuer Moderation und Bounty-Konfiguration sowie der Integration der Game-Improver-Belohnung aus Support-Tickets.
4b11f2d3-8b2d-4cb8-8a0e-1b21f8ad6a42;2026-04-30T21:15:00Z;Master portal now supports full English/Slovak/German localization with persistent language switching, translated account/referral/gold-admin/home flows, and localized support administration UI.;Master portal teraz podporuje plnu lokalizaciu do anglictiny/slovenciny/nemciny s trvalym prepinanim jazyka, prelozenymi tokmi account/referral/gold-admin/home a lokalizovanym support admin rozhranim.;Das Master-Portal unterstuetzt jetzt eine vollstaendige Lokalisierung in Englisch/Slowakisch/Deutsch mit persistenter Sprachumschaltung, uebersetzten Account/Referral/Gold-Admin/Home-Flows und lokalisierter Support-Admin-Oberflaeche.
91e0ecf3-47b1-4c64-af08-2319394efbc1;2026-04-30T21:10:00Z;Loan collateral valuation now uses the pledged building city currency and converts to the selected bank city currency so cross-city collateral limits are calculated with correct FX rates.;Hodnota zabezpeky pri uvere teraz pouziva menu mesta zalozenej budovy a prepocita sa do meny vybranej banky, aby sa limity pri medzimestskom kolaterale pocitali so spravnym FX kurzom.;Die Bewertung von Kreditsicherheiten nutzt jetzt die Waehrung der verpfandeten Gebaeudestadt und wird in die Waehrung der ausgewaehlten Bankstadt umgerechnet, damit bei staedteuebergreifenden Sicherheiten die Limits mit korrekten FX-Kursen berechnet werden.
7d32b127-efec-4041-b907-7b5b4db332f6;2026-04-30T18:35:25Z;Master portal now includes a full support ticket system with markdown editing, personal ticket tracking, admin triage and moderation workflow, and secure sanitized preview handling.;Master portal teraz obsahuje plny system support ticketov s markdown editorom, osobnym sledovanim tiketov, admin triage a moderacnym workflowom a bezpecnym spracovanim sanitizovaneho nahladu.;Das Master-Portal enthaelt jetzt ein vollstaendiges Support-Ticket-System mit Markdown-Editor, persoenlichem Ticket-Tracking, Admin-Triage und Moderations-Workflow sowie sicherer Verarbeitung der sanitisierten Vorschau.
5c1fe6dd-6ec7-4a8f-8f7f-588ece8f11f8;2026-04-30T19:05:00Z;The frontend now includes a Vue-template translation-key scanner and all missing UI keys (including dashboard city-empty text and building purchase funding-gap messages) were translated in English, Slovak, and German.;Frontend teraz obsahuje skener prekladovych klucov vo Vue sablonach a vsetky chybajuce UI kluce (vratane textu o prazdnom meste na dashboarde a sprav o nedostatku meny pri kupe budovy) boli doplnene v anglictine, slovencine a nemcine.;Das Frontend enthaelt jetzt einen Scanner fuer Uebersetzungsschluessel in Vue-Templates und alle fehlenden UI-Schluessel (einschliesslich des Dashboard-Texts fuer staedtische Leere und der Finanzierungs-Lueckenhinweise beim Gebaeudekauf) wurden auf Englisch, Slowakisch und Deutsch ergaenzt.
2a9f6f1d-2e84-4c8c-9c52-4f6d3c6a7b2e;2026-04-30T18:20:00Z;Frontend localization quality improved with a new missing-translation checker script and updated Slovak and German UI texts so locale files stay aligned without English fallbacks.;Kvalita lokalizacie frontendu sa zlepsila: pribudol novy skript na kontrolu chybajucich prekladov a boli doplnene slovenske a nemecke UI texty, aby lokalizacie ostali zosuladene bez anglickych fallbackov.;Die Lokalisierungsqualitaet im Frontend wurde verbessert: Ein neues Skript prueft fehlende Uebersetzungen und slovakische sowie deutsche UI-Texte wurden ergaenzt, damit die Sprachdateien ohne englische Fallbacks konsistent bleiben.
9f2d16f9-2e31-487f-9b9a-73b96e7e2d72;2026-04-30T18:25:00Z;Mine extraction now uses the lot deposit quality as output quality, depletes the lot reserve as materials are extracted, and mine unit setup is locked to the purchased lot resource with visible quality and remaining reserve in building detail.;Tazba v bani teraz pouziva kvalitu loziska na pozemku ako kvalitu vystupu, pri tazbe znizuje zostavajucu zasobu loziska a nastavenie tazobnej jednotky je uzamknute na surovinu kupeneho pozemku s viditelnou kvalitou a zostavajucou zasobou v detaile budovy.;Der Abbau in Minen verwendet jetzt die Lagerstaettenqualitaet des Grundstuecks als Ausgabequalitaet, reduziert beim Foerdern die verbleibende Reserve und sperrt die Konfiguration der Mineneinheit auf den Rohstoff des gekauften Grundstuecks mit sichtbarer Qualitaet und Restreserve im Gebaeudedetail.
c0672eaf-dbeb-4600-86e1-296b27d733c0;2026-04-30T16:30:04Z;Global Exchange was reorganized into dedicated resource and product market components with Tailwind-first layout and much smaller scoped CSS while preserving all existing behavior and exchange selectors.;Global Exchange bol reorganizovany do samostatnych komponentov pre trh surovin a produktov s Tailwind-first layoutom a vyrazne mensim scoped CSS pri zachovani celeho existujuceho spravania a exchange selektorov.;Global Exchange wurde in dedizierte Komponenten fuer Rohstoff- und Produktmarkt reorganisiert, mit Tailwind-first Layout und deutlich reduziertem scoped CSS bei unveraendertem Verhalten und bestehenden Exchange-Selektoren.
36e77ad3-a124-4bd4-8576-04eb708bb74d;2026-04-30T16:07:39Z;Onboarding architecture was further optimized by extracting reusable progress-tracker and unit-chain components, reducing duplicated view markup while preserving the same onboarding flow and UI behavior.;Architektúra onboardingu bola ďalej optimalizovaná extrakciou znovupoužiteľných komponentov progress tracker a unit chain, čo znížilo duplicitný markup view pri zachovaní rovnakého onboarding toku a správania UI.;Die Onboarding-Architektur wurde weiter optimiert, indem wiederverwendbare Progress-Tracker- und Unit-Chain-Komponenten extrahiert wurden, wodurch doppeltes View-Markup reduziert wird, bei unverändertem Onboarding-Ablauf und UI-Verhalten.
f1b2d8c3-6c2d-43e5-a8bb-7d1e9e2f4a91;2026-04-30T17:05:00Z;Startup now backfills missing raw-material catalog entries (including Wood) in older databases and mining land generation guarantees at least one purchasable mine lot per raw material in every city.;Start servera teraz doplna chybajuce polozky katalogu surovin (vratane dreva) v starsich databazach a generovanie banskych pozemkov zarucuje aspon jednu kupitelnu banu pre kazdu surovinu v kazdom meste.;Der Serverstart ergaenzt jetzt fehlende Rohstoff-Katalogeintraege (einschliesslich Holz) in aelteren Datenbanken und die Generierung von Bergbaugrundstuecken garantiert mindestens ein kaufbares Minengrundstueck pro Rohstoff in jeder Stadt.
7f4f962d-a42f-46bf-b4a2-ce58983f7d3b;2026-04-30T15:10:00Z;Mining lots now always have a defined resource deposit, every city keeps at least one mine lot per resource, quality is 50-100% for native city resources and 0-50% for fallback resources, and Buy Building now shows mine resource quality/quantity instead of population index.;Banske parcely teraz vzdy obsahuju definovane lozisko suroviny, kazde mesto ma aspon jednu banu pre kazdu surovinu, kvalita je 50-100% pre lokalne mestske suroviny a 0-50% pre nahradne suroviny, a Nakup budovy teraz zobrazuje kvalitu/mnozstvo suroviny namiesto population indexu.;Bergbaugrundstuecke haben jetzt immer ein definiertes Rohstoffvorkommen, jede Stadt behaelt mindestens ein Minengrundstueck pro Rohstoff, die Qualitaet liegt bei 50-100% fuer lokale Stadtrohstoffe und bei 0-50% fuer Ersatzrohstoffe, und Gebaeude kaufen zeigt jetzt Rohstoffqualitaet/-menge statt Population-Index.
ab9d4f82-7b2a-4f5f-9c31-2e7d8a4c6b11;2026-04-30T13:40:00Z;Mining land generation is now complete: every mine lot includes mapped resource quality and quantity, each city keeps at least one mine lot per resource type, mine deposit pricing stays in the strategic $20M-$200M band, and Buy Building now has tested resource-type filtering for mine lots.;Generovanie banskych pozemkov je teraz dokoncene: kazda parcela pre banu obsahuje mapovanu kvalitu a mnozstvo suroviny, kazde mesto udrziava aspon jednu bansku parcelu pre kazdy typ suroviny, ceny lozisk su v strategickom pasme 20-200 mil. USD a Nákup budovy ma otestovane filtrovanie banskych parciel podla typu suroviny.;Die Generierung von Bergbaugrundstuecken ist jetzt vollstaendig: Jedes Minengrundstueck enthaelt zugeordnete Rohstoffqualitaet und -menge, jede Stadt behaelt mindestens ein Minengrundstueck pro Rohstofftyp, die Lagerstaettenpreise bleiben im strategischen Band von 20 bis 200 Mio. USD, und der Gebaeudekauf hat jetzt getestete Rohstofffilter fuer Minengrundstuecke.
1f8ac4e7-9d4e-4bbf-8b2c-5a6d31f2c0ae;2026-04-30T12:30:00Z;Fixed corrupted icon glyphs in onboarding and related UI panels so symbols now render correctly instead of mojibake text.;Opravili sa poškodené ikony v onboardingu a súvisiacich UI paneloch, takže symboly sa teraz zobrazujú správne namiesto poškodeného textu.;Fehlerhafte Icons in Onboarding- und zugehoerigen UI-Panels wurden korrigiert, sodass Symbole jetzt korrekt statt als Zeichensalat angezeigt werden.
6d2c7f14-3b5a-4e68-9f21-1a8d4c7e5b93;2026-04-30T10:55:00Z;Global Exchange and Forex screens now reuse shared Tailwind-first loading/error/empty UI state components while keeping existing selector hooks, improving consistency without changing gameplay behavior.;Obrazovky Global Exchange a Forex teraz používajú zdieľané Tailwind-first komponenty pre stavy načítania/chyby/prázdneho obsahu pri zachovaní existujúcich selektorov, čo zlepšuje konzistentnosť bez zmeny herného správania.;Global-Exchange- und Forex-Ansichten verwenden jetzt gemeinsame Tailwind-first Komponenten fuer Lade/Fehler/Leer-Zustaende bei beibehaltenen Selektor-Hooks und verbessern so die Konsistenz ohne Aenderung des Spielverhaltens.
3c8f4b9a-6d27-4f10-98de-2b1e5a7c4d66;2026-04-30T10:25:00Z;Onboarding and Buy Building screens now use Tailwind-first styling with shared loading/error UI states and much less page-level scoped CSS, keeping visuals consistent while preserving existing game flow and selectors.;Obrazovky Onboarding a Nákup budovy teraz používajú Tailwind-first štýlovanie so zdieľanými stavmi načítania/chyby a výrazne menším množstvom stránkového scoped CSS, čím sa zjednocuje vizuál pri zachovaní existujúceho herného toku a selektorov.;Onboarding- und Gebaeude-kaufen-Ansichten nutzen jetzt Tailwind-first Styling mit gemeinsamen Lade/Fehler-UI-Zustaenden und deutlich weniger seitenbezogenem scoped CSS, wodurch die Darstellung konsistenter bleibt bei unveraendertem Spielfluss und bestehenden Selektoren.
9a1f4e39-2b78-4f73-8f2b-1c4d9a6e5f10;2026-04-30T09:35:00Z;Banking screens now share reusable Tailwind-first loading error and empty-state UI components so Loan Marketplace and Bank Management render more consistently with less page-specific scoped CSS.;Bankové obrazovky teraz používajú zdieľané znovupoužiteľné Tailwind-first komponenty pre načítanie chybu a prázdny stav takže Loan Marketplace a Bank Management sa vykresľujú konzistentnejšie s menším množstvom stránkovo špecifického scoped CSS.;Bankansichten verwenden jetzt gemeinsame wiederverwendbare Tailwind-first Komponenten fuer Lade Fehler und Leerzustand sodass Loan Marketplace und Bank Management konsistenter gerendert werden und weniger seiten-spezifisches scoped CSS brauchen.
e7c3b8f2-1a4d-4e9c-b5f1-2d8a7c6e3b9a;2026-04-30T08:00:00Z;Fixed corrupted icons across the game frontend: emoji and special characters (⛽, ⚡, 🗺️, ☀️, 💨, 📊, ▲, ▼, ·, ×, –, — and many more) that appeared as garbled box-drawing sequences in the exchange, city map, ledger, bank, onboarding, and other views are now displayed correctly.;Opravené poškodené ikony vo frontende hry: emoji a špeciálne znaky (⛽, ⚡, 🗺️, ☀️, 💨, 📊, ▲, ▼, ·, × a ďalšie), ktoré sa zobrazovali ako zdeformované sekvencie čiar na burze, mape mesta, účtovnej knihe, banke, onboardingu a ďalších obrazovkách, sa teraz zobrazujú správne.;Beschädigte Icons im Spiel-Frontend behoben: Emoji und Sonderzeichen (⛽, ⚡, 🗺️, ☀️, 💨, 📊, ▲, ▼, · und viele weitere), die in der Börse, Stadtkarte, Buchhaltung, Bank, Onboarding und anderen Ansichten als kryptische Zeichenfolgen erschienen, werden jetzt korrekt angezeigt.
2f6bbdea-0477-4f36-b9a9-f584d0f0677b;2026-04-30T01:55:00Z;UI polish update: referral and login screens on the master portal plus the city selector, language switcher, rich text editor, dashboard tabs, pending-actions timeline, chat panel, starter guidance, building header financial strip, supply-chain panel, bank account selectors, bank statement table, and financial summary cards now use Tailwind utility styling for cleaner spacing and more consistent visuals without changing gameplay behavior.;Vizuálna úprava UI: referenčné a prihlasovacie obrazovky na master portáli spolu s výberom mesta, prepínačom jazyka, editorom bohatého textu, dashboard záložkami, časovou osou čakajúcich akcií, chat panelom, štartovacím sprievodcom, finančným pruhom v hlavičke budovy, panelom dodávateľského reťazca, výbermi bankových účtov, tabuľkou bankového výpisu a kartami finančného súhrnu teraz používajú Tailwind utility štýly pre čistejšie rozostupy a konzistentnejší vzhľad bez zmeny herného správania.;UI-Politur: Referral- und Login-Ansichten im Master-Portal sowie Stadtauswahl, Sprachumschalter, Rich-Text-Editor, Dashboard-Tabs, Pending-Actions-Timeline, Chat-Panel, Starter-Hinweise, Building-Header-Finanzleiste, Supply-Chain-Panel, Bankkonto-Auswahllisten, Kontoauszugstabelle und Finanzzusammenfassungskarten nutzen jetzt Tailwind-Utility-Styling fuer sauberere Abstaende und ein konsistenteres Erscheinungsbild ohne Aenderung des Spielverhaltens.
5f0e6c6a-cf3d-4ff0-8b8d-3de18f6e7c9a;2026-04-29T21:45:00Z;Exchange navigation and onboarding reliability were improved: the Global Exchange screen script was restored after a split-file regression, quality-range display checks were hardened for encoding differences, and split-view wrappers now lint cleanly without breaking template-bound behavior.;Spoľahlivosť Exchange navigácie a onboardingu bola zlepšená: skript obrazovky Global Exchange bol obnovený po regresii pri rozdelení súborov, kontroly zobrazenia rozsahu kvality boli spevnené voči rozdielom kódovania a wrappery rozdelených view teraz prejdú lintom bez narušenia správania viazaného na template.;Die Zuverlässigkeit von Exchange-Navigation und Onboarding wurde verbessert: Das Skript der Global-Exchange-Ansicht wurde nach einer Split-File-Regression wiederhergestellt, Prüfungen der Qualitätsbereich-Anzeige wurden gegen Kodierungsunterschiede gehärtet, und Split-View-Wrapper bestehen jetzt den Lint ohne template-gebundenes Verhalten zu beeinträchtigen.
08d31b88-0a4e-4977-8ceb-53f6c1129099;2026-04-30T00:08:00Z;Frontend architecture optimization continued: the product picker was split into a lighter trigger component and a dedicated dropdown panel component, keeping the product selection flow easier to maintain without changing gameplay behavior.;Optimalizácia frontend architektúry pokračovala: výber produktu bol rozdelený na ľahší trigger komponent a samostatný dropdown panel komponent, vďaka čomu sa tok výberu produktu jednoduchšie udržiava bez zmeny herného správania.;Die Frontend-Architektur-Optimierung wurde fortgesetzt: Der Produktauswähler wurde in eine leichtere Trigger-Komponente und eine dedizierte Dropdown-Panel-Komponente aufgeteilt, sodass der Produktauswahlfluss einfacher wartbar bleibt, ohne das Spielverhalten zu ändern.
f3c3d651-8d6e-4933-9bc3-21433fbc1f4f;2026-04-29T23:58:00Z;Frontend architecture optimization continued: the navbar context switcher was split into a lean trigger component plus a dedicated dropdown panel component, making the city and account switcher easier to maintain without changing its behavior.;Optimalizácia frontend architektúry pokračovala: kontextový prepínač v navigačnej lište bol rozdelený na jednoduchý trigger komponent a samostatný dropdown panel komponent, čím sa zjednodušila údržba prepínania mesta a účtu bez zmeny správania.;Die Frontend-Architektur-Optimierung wurde fortgesetzt: Der Kontextwechsler in der Navigationsleiste wurde in eine schlanke Trigger-Komponente und eine dedizierte Dropdown-Panel-Komponente aufgeteilt, wodurch die Pflege des Stadt- und Kontowechslers einfacher wird, ohne das Verhalten zu ändern.
f8818a13-65b5-4753-9381-7db70d4b0319;2026-04-29T23:50:00Z;Frontend architecture optimization advanced: the bank statement screen was split into dedicated banking UI components, reducing the main view size and keeping the account summary plus transaction table flow easier to maintain.;Optimalizácia frontend architektúry pokročila: obrazovka bankového výpisu bola rozdelená do samostatných banking UI komponentov, čím sa zmenšila hlavná view a zjednodušila údržba súhrnu účtu aj tabuľky transakcií.;Die Frontend-Architektur-Optimierung wurde erweitert: Die Bankauszugsansicht wurde in dedizierte Banking-UI-Komponenten aufgeteilt, wodurch die Haupt-View kleiner wurde und die Pflege von Kontozusammenfassung und Transaktionstabelle einfacher bleibt.
0e053d42-7c3d-4cb6-a136-e1ed1f54d904;2026-04-29T23:15:00Z;Architecture optimization advanced: PublicSalesPhase was split into partial backend files and tick sales now reuse preloaded lot indexes from TickContext instead of running a per-tick BuildingLots database query.;Optimalizácia architektúry pokročila: PublicSalesPhase bol rozdelený do partial backend súborov a tick predaje teraz používajú prednačítané indexy pozemkov z TickContext namiesto per-tick databázového dopytu na BuildingLots.;Die Architektur-Optimierung wurde erweitert: PublicSalesPhase wurde in Partial-Backend-Dateien aufgeteilt und Tick-Verkaeufe verwenden jetzt vorgeladene Grundstueck-Indizes aus TickContext statt einer BuildingLots-Datenbankabfrage pro Tick.
2d7f3640-4e22-4eec-a710-565ed8d39374;2026-04-29T22:30:00Z;Backend architecture optimization started: large engine constants were split into partial files and tick processing now avoids per-tick phase sorting and reduces salary-aggregation allocations for faster simulation ticks.;Optimalizácia backend architektúry začala: veľké engine konštanty boli rozdelené do partial súborov a spracovanie ticku teraz nepretrieďuje fázy pri každom ticku a znižuje alokácie pri agregácii miezd pre rýchlejšiu simuláciu.;Die Backend-Architekturoptimierung hat begonnen: große Engine-Konstanten wurden in Partial-Dateien aufgeteilt, und die Tick-Verarbeitung vermeidet jetzt das Sortieren der Phasen in jedem Tick und reduziert Allokationen bei der Gehaltsaggregation fuer schnellere Simulationsticks.
4e3f2625-e9fc-4930-9b2a-ee5ca7e7008c;2026-04-29T17:55:38Z;Encyclopedia now includes a complete forex trading walkthrough with eight real FullHD topics (swap, quote execution, transfers, rates, history, Gold AMM swap, positions, liquidity) and stock exchange help now adds dividend payout configuration plus personal-account dividend impact with new FullHD guidance screenshots.;Encyklopédia teraz obsahuje kompletný forex návod s ôsmimi reálnymi FullHD témami (swap, potvrdenie quote, transfery, kurzy, história, Gold AMM swap, pozície, likvidita) a pomoc pre burzu akcií je rozšírená o nastavenie dividend a dopad dividend na osobný účet s novými FullHD screenshotmi.;Die Enzyklopaedie enthaelt jetzt eine vollstaendige Forex-Anleitung mit acht echten FullHD-Themen (Swap, Quote-Ausfuehrung, Transfers, Kurse, Historie, Gold-AMM-Swap, Positionen, Liquiditaet), und die Aktienboersen-Hilfe wurde um Dividendenkonfiguration sowie Dividendenwirkung im persoenlichen Konto mit neuen FullHD-Screenshots erweitert.
7eebe8ef-dbfc-4ece-8bc7-91de4b811c13;2026-04-29T20:15:00Z;Encyclopedia now includes a complete stock-exchange walkthrough with topic navigation, six real FullHD screenshots (IPO, company buy, personal buy, sell, USD forex setup, tax ledger), and 100+ word multilingual guidance for each stock trading stage.;Encyklopédia teraz obsahuje kompletný návod na burzu akcií s navigáciou tém, šiestimi reálnymi FullHD screenshotmi (IPO, firemný nákup, osobný nákup, predaj, USD forex príprava, daňová kniha) a 100+ slovným viacjazyčným vysvetlením pre každú fázu obchodovania.;Die Enzyklopädie enthält jetzt eine vollständige Aktienboersen-Anleitung mit Themennavigation, sechs echten FullHD-Screenshots (IPO, Firmenkauf, Personenkauf, Verkauf, USD-Forex-Vorbereitung, Steuer-Ledger) und mehrsprachiger 100+ Woerter-Erklaerung fuer jede Handelsphase.
6c4dc690-d498-47cb-a4df-c29a3ec0ec3f;2026-04-29T19:30:00Z;Encyclopedia now includes a full sales-shop setup walkthrough with a topic list, 100+ word guidance for building purchase, purchase/public-sales/marketing units, and new real FullHD screenshots with fullscreen previews.;Encyklopédia teraz obsahuje kompletný návod na nastavenie predajne so zoznamom tém, 100+ slovným vysvetlením pre kúpu budovy, jednotky purchase/public-sales/marketing a nové reálne FullHD screenshoty s fullscreen náhľadmi.;Die Enzyklopädie enthält jetzt einen vollständigen Leitfaden zur Einrichtung von Verkaufsshops mit Themenliste, 100+ Wörtern Anleitung für Gebäudekauf sowie Purchase/Public-Sales/Marketing-Einheiten und neuen echten FullHD-Screenshots mit Vollbildvorschau.
79f6f7eb-6f71-4121-87e8-021ac0da2238;2026-04-29T18:05:00Z;Factory layout help now includes an explicit all-unit-types reference topic with long-form setup guidance and new real FullHD manufacturing screenshots (purchase, storage, and unit-type fullscreen previews) to improve first-factory learning.;Pomoc s layoutom tovární teraz obsahuje explicitnú tému s prehľadom všetkých typov jednotiek s dlhým návodom na nastavenie a nové reálne FullHD screenshoty výroby (nákup, sklad a fullscreen náhľady typov jednotiek) pre lepšie učenie pri prvej továrni.;Die Fabriklayout-Hilfe enthält jetzt ein explizites Referenzthema für alle Einheitentypen mit ausführlicher Setup-Anleitung sowie neue echte FullHD-Fertigungs-Screenshots (Einkauf, Lager und Vollbildvorschauen zu Einheitentypen) für besseres Lernen in der ersten Fabrik.
6f8fdcb8-3273-46dd-a1b3-eb41adceef0b;2026-05-01T22:40:00Z;Building detail now keeps the overview sidebar for empty-factory states, preserves selected unit coordinates in route query updates during tab sync, and shows the Supply Chain tab with stable strict-mode UI selectors when real chain data is present.;Detail budovy teraz zachovava overview sidebar pre prazdne factory stavy, pri synchronizacii tabov zachovava vybrane suradnice jednotky v route query a zobrazuje Supply Chain tab so stabilnymi strict-mode UI selektormi ked su k dispozicii realne chain data.;Das Gebaudedetail behaelt jetzt die Overview-Sidebar fuer leere Factory-Zustaende, bewahrt ausgewaehlte Einheitenkoordinaten bei Route-Query-Updates waehrend der Tab-Synchronisation und zeigt den Supply-Chain-Tab mit stabilen Strict-Mode-UI-Selektoren an, wenn reale Chain-Daten vorhanden sind.
6ea0e65b-b1db-456f-88f7-9f980e4f8323;2026-04-29T17:35:00Z;Encyclopedia onboarding help now includes real FullHD screenshots captured from the live onboarding flow for all six steps, and both onboarding plus factory-layout topics were expanded with long-form multilingual guidance and explicit setup topic lists.;Onboarding pomoc v encyklopédii teraz obsahuje reálne FullHD screenshoty zachytené zo živého onboarding flow pre všetkých šesť krokov a témy onboarding aj factory layout boli rozšírené o dlhé viacjazyčné vysvetlenia a explicitný zoznam tém nastavenia.;Die Onboarding-Hilfe in der Enzyklopädie enthält jetzt echte FullHD-Screenshots aus dem Live-Onboarding für alle sechs Schritte, und sowohl Onboarding- als auch Fabriklayout-Themen wurden um ausführliche mehrsprachige Anleitungen und eine explizite Themenliste erweitert.
4c53132d-4f1f-4e38-a9db-85f26c4c5d40;2026-04-29T16:40:00Z;Onboarding help image previews in the encyclopedia now always open above the app header and close reliably, and the documentation screenshot set was refreshed with real FullHD captures for onboarding, factory layout, resources, and fullscreen preview.;Náhľady obrázkov onboarding pomoci v encyklopédii sa teraz vždy otvárajú nad hlavičkou aplikácie a spoľahlivo sa zatvárajú, a sada dokumentačných screenshotov bola obnovená reálnymi FullHD zábermi pre onboarding, factory layout, resources a fullscreen náhľad.;Die Bildvorschauen der Onboarding-Hilfe in der Enzyklopädie öffnen jetzt immer über der App-Kopfzeile und schließen zuverlässig, und der Dokumentations-Screenshot-Satz wurde mit echten FullHD-Aufnahmen für Onboarding, Factory-Layout, Ressourcen und Vollbildvorschau aktualisiert.
2f8e649f-65ad-4ca6-80b7-8a8c57e80279;2026-04-29T15:45:00Z;Encyclopedia now has a top topic menu with routed topics at /encyclopedia/:topicSlug, plus a deeper fully-localized onboarding guide with six step screenshots and expanded explanations for each onboarding decision.;Encyklopédia má teraz horné menu tém s routovaním na /encyclopedia/:topicSlug a hlbšie plne lokalizované onboarding vysvetlenie so šiestimi screenshotmi krokov a rozšíreným popisom každého onboarding rozhodnutia.;Die Enzyklopädie hat jetzt ein oberes Themenmenü mit Routing unter /encyclopedia/:topicSlug sowie eine vertiefte vollständig lokalisierte Onboarding-Anleitung mit sechs Schritt-Screenshots und erweiterten Erklärungen für jede Onboarding-Entscheidung.
b14d4fb4-4f0d-4e42-9ca2-8c0f959b9e29;2026-04-29T21:30:00Z;Bank statements now keep account balance and last running-balance row in sync, and key bank-account funding/deposit/withdrawal operations now always create explicit ledger entries on the affected accounts.;Bankové výpisy teraz držia zostatok účtu a posledný riadok priebežného zostatku v súlade a kľúčové operácie financovania/vkladov/výberov na bankových účtoch teraz vždy vytvárajú explicitné účtovné záznamy na dotknutých účtoch.;Kontoauszüge halten jetzt Kontostand und letzte laufende Saldozeile konsistent, und wichtige Vorgänge für Kontofinanzierung/Einzahlung/Auszahlung erzeugen nun immer explizite Ledger-Einträge auf den betroffenen Konten.
3f37ef00-f1cf-4548-b4fc-8f9c9f48a01e;2026-04-29T19:35:00Z;CurrencyAmount now supports field-size aware formatting (full value when space allows, compact notation such as 12M in tight fields) and always shows a tooltip title with the original number and trailing currency code.;Komponent CurrencyAmount teraz podporuje formátovanie podľa veľkosti poľa (plná hodnota pri dostatku miesta, kompaktný zápis ako 12M v úzkych poliach) a vždy zobrazuje tooltip s pôvodným číslom a kódom meny na konci.;CurrencyAmount unterstützt jetzt feldgrößenabhängige Formatierung (voller Wert bei genügend Platz, kompakte Schreibweise wie 12M in engen Feldern) und zeigt immer einen Tooltip mit der Originalzahl und nachgestelltem Währungscode.
1f2d55f5-8fca-4307-bc72-c299cbca9c1d;2026-04-29T19:10:00Z;Power plant editing now supports full empty-cell unit setup in the 4×4 grid, including all power units (generation, battery, fuel purchase, wind, water, energy storage, and energy producer) with correct build costs shown in the planner.;Úprava elektrárne teraz podporuje plné nastavovanie jednotiek v prázdnych poliach 4×4 mriežky vrátane všetkých energetických jednotiek (výroba, batéria, nákup paliva, vietor, voda, zásobník energie a producent energie) so správne zobrazenými nákladmi v plánovači.;Die Bearbeitung von Kraftwerken unterstützt jetzt die vollständige Einrichtung von Einheiten in leeren Feldern des 4×4-Rasters, einschließlich aller Energieeinheiten (Erzeugung, Batterie, Brennstoffbeschaffung, Wind, Wasser, Energiespeicher und Energieerzeuger) mit korrekt angezeigten Baukosten im Planer.
3a7c1d2e-9b4f-4e85-a1c3-7f8d0e5b2a96;2026-04-30T08:00:00Z;All Bratislava mine lots now carry resource premiums of EUR 15M or more (wood 16.25M, coal 18.2M, cotton 15.75M, grain 16.5M, silicon 15M), and Vienna gains Iron Ore and Coal mine lots to complete its full 8-resource coverage.;Všetky banské parcely v Bratislave teraz nesú prémie za zdroje vo výške 15 mil. EUR a viac (drevo 16,25M, uhlie 18,2M, bavlna 15,75M, obilie 16,5M, kremík 15M) a Viedeň získava banské parcely Železnej rudy a Uhlia pre úplné pokrytie všetkých 8 zdrojov.;Alle Bratislava-Minengrundstücke tragen jetzt Ressourcenprämien von mindestens 15 Mio. EUR (Holz 16,25M, Kohle 18,2M, Baumwolle 15,75M, Getreide 16,5M, Silizium 15M), und Wien erhält Eisenerz- und Kohle-Minengrundstücke für vollständige Abdeckung aller 8 Ressourcen.
de0ef5d3-50a5-442c-ab49-3b3a1f868d97;2026-05-01T10:20:00Z;Master portal UI was redesigned to match the game frontend with a shared dark-first light/dark theme system, a new Capitalism HQ navigation header, and a refreshed home page featuring the hero video with ranking section at the bottom.;UI master portálu bolo prerobené podľa herného frontendu so zdieľaným dark-first light/dark systémom tém, novou navigačnou hlavičkou Capitalism HQ a obnovenou domovskou stránkou s hero videom a sekciou rebríčka v spodnej časti.;Die UI des Master-Portals wurde im Stil des Spiel-Frontends neu gestaltet, mit einem gemeinsamen Dark-First Light/Dark-Themensystem, einer neuen Capitalism-HQ-Navigationsleiste und einer erneuerten Startseite mit Hero-Video sowie Ranking-Bereich am unteren Ende.
f16f73da-f4f7-45f8-8c0c-c53a386b0052;2026-05-01T10:25:00Z;Master portal now uses the same footer, game-style icon navigation, and cleaned-up login layout as the game frontend, and the landing hero now previews the live ranking directly on the homepage.;Master portál teraz používa rovnakú pätičku, hernú ikonovú navigáciu a vyčistený login layout ako herný frontend a hero sekcia na domovskej stránke teraz priamo zobrazuje náhľad živého rebríčka.;Das Master-Portal verwendet jetzt dieselbe Fußzeile, eine spielähnliche Icon-Navigation und ein bereinigtes Login-Layout wie das Spiel-Frontend, und der Hero-Bereich der Startseite zeigt nun direkt eine Vorschau des Live-Rankings.
f7a52cf5-5bdb-4bdf-90cf-98753a1dbf16;2026-04-29T18:20:00Z;Building unit editing is now smoother: newly placed units stay selected for immediate configuration, bank-account assignment is hidden while configuring a selected unit in edit mode, and the grid editor received a cleaner professional card-style layout.;Úprava jednotiek budovy je teraz plynulejšia: novo umiestnené jednotky zostanú vybrané pre okamžitú konfiguráciu, priradenie bankového účtu je počas konfigurácie vybratej jednotky v režime úprav skryté a editor mriežky dostal čistejší profesionálny kartový vzhľad.;Die Bearbeitung von Gebäudeeinheiten ist jetzt flüssiger: neu platzierte Einheiten bleiben für die sofortige Konfiguration ausgewählt, die Bankkonto-Zuordnung wird beim Konfigurieren einer ausgewählten Einheit im Bearbeitungsmodus ausgeblendet, und der Raster-Editor erhielt ein klareres professionelles Karten-Layout.
9d7e4f0a-6c41-4ad3-b2f2-5ef9a0d36d11;2026-04-29T16:45:00Z;Apartment and commercial purchases now show property size before buying, new and legacy properties always have total area and numeric occupancy (default 0%), and rent-phase occupancy updates now apply reliably on each tick.;Nákup bytových a komerčných budov teraz pred kúpou zobrazuje veľkosť nehnuteľnosti, nové aj existujúce nehnuteľnosti majú vždy vyplnenú plochu a číselnú obsadenosť (predvolene 0 %) a aktualizácie obsadenosti v nájomnej fáze sa teraz spoľahlivo aplikujú v každom ticku.;Beim Kauf von Wohn- und Gewerbegebäuden wird jetzt vorab die Objektgröße angezeigt, neue und bestehende Objekte haben immer eine Gesamtfläche und numerische Auslastung (standardmäßig 0%), und die Auslastungsaktualisierung in der Mietphase wird jetzt in jedem Tick zuverlässig angewendet.
b20e3597-8a6e-4e1e-b137-7080a0c94b02;2026-04-29T16:18:29Z;Master portal now includes a referral program workspace: players can set an invite code once, activate referral partner profile with name and tax domicile, receive an auto-generated 8-character starter code, create additional codes, and track first/second-level registrations plus active-subscription counts per code.;Master portál teraz obsahuje pracovisko referenčného programu: hráči môžu jednorazovo nastaviť pozývací kód, aktivovať partnerský referenčný profil menom a daňovým domicilom, získať automaticky generovaný štartovací 8-znakový kód, vytvárať ďalšie kódy a sledovať registrácie prvej/druhej úrovne aj počty aktívnych predplatných pre každý kód.;Das Master-Portal enthält jetzt einen Referral-Bereich: Spieler können einen Einladungscode einmalig setzen, ein Referral-Partnerprofil mit Name und Steuerdomizil aktivieren, einen automatisch generierten 8-stelligen Startcode erhalten, weitere Codes erstellen und Registrierungen der ersten/zweiten Ebene sowie aktive Abonnementzahlen pro Code verfolgen.
7b3b4f8a-0d79-4f9f-8399-5f4762eb5a7d;2026-04-29T15:10:00Z;Manufacturing Encyclopedia now uses a compact 6-column wide-screen resource grid and adds new in-page gameplay, onboarding, and manufacturing setup help sections with visual guide cards.;Výrobná encyklopédia teraz používa kompaktnú 6-stĺpcovú mriežku surovín na širokej obrazovke a pridáva nové sekcie pomoci priamo na stránke pre hrateľnosť, onboarding a nastavenie výroby s vizuálnymi kartami sprievodcu.;Die Fertigungsenzyklopädie nutzt jetzt ein kompaktes 6-Spalten-Ressourcenraster auf großen Bildschirmen und ergänzt neue In-Page-Hilfebereiche für Gameplay, Onboarding und Produktionsaufbau mit visuellen Leitkarten.
3c520c3c-d8d1-480c-8fe8-a9089341e5f9;2026-04-29T13:40:00Z;City context switching is now unified: login defaults to the player's most-used city, buy-building uses the navbar city, and city map switching is handled only through the navbar context switcher.;Prepínanie mestského kontextu je teraz zjednotené: po prihlásení sa predvolí hráčovo najčastejšie používané mesto, nákup budovy používa mesto z navigačnej lišty a prepínanie mapy mesta sa rieši iba cez prepínač kontextu v lište.;Der Stadtkontext ist jetzt vereinheitlicht: Beim Login wird standardmäßig die am häufigsten genutzte Stadt des Spielers gesetzt, der Gebäudekauf nutzt die Stadt aus der Navigationsleiste und das Umschalten der Stadtkarte erfolgt nur noch über den Kontextwechsler in der Leiste.
0a3f52d4-8e51-48ce-bf07-c3a2d4f5b908;2026-04-29T13:20:00Z;Onboarding city selection now transitions reliably into the IPO step, and exchange test reliability was hardened by isolating shared mock resource fixtures to prevent cross-test state leakage.;Výber mesta v onboardingu teraz spoľahlivo prechádza do kroku IPO a spoľahlivosť testov burzy bola posilnená izoláciou zdieľaných mock fixture surovín, aby sa zabránilo presakovaniu stavu medzi testami.;Die Stadtauswahl im Onboarding wechselt jetzt zuverlässig in den IPO-Schritt, und die Zuverlässigkeit der Börsentests wurde durch isolierte gemeinsame Mock-Ressourcenfixtures gehärtet, um Zustandslecks zwischen Tests zu verhindern.
8fae8865-50ca-4be8-b4cf-68736612c3bf;2026-04-29T10:04:55Z;Game-server startup reliability improved: PostgreSQL migrations now include a generated repair for previously invisible manual schema changes, and local Docker Compose starts the APIs over HTTP so clean databases can migrate and process ticks.;Spoľahlivosť štartu herného servera je zlepšená: PostgreSQL migrácie teraz obsahujú vygenerovanú opravu pre predtým neviditeľné manuálne zmeny schémy a lokálny Docker Compose spúšťa API cez HTTP, aby sa čisté databázy zmigrovali a spracovali tick-y.;Die Startzuverlässigkeit des Spielservers wurde verbessert: PostgreSQL-Migrationen enthalten jetzt eine generierte Reparatur für zuvor unsichtbare manuelle Schemaänderungen und lokales Docker Compose startet die APIs über HTTP, damit frische Datenbanken migrieren und Ticks verarbeiten.
3fe21dad-fe9d-4eb7-8fb5-c4fc2bd457c2;2026-04-29T02:00:00Z;Building unit grid now shows the real product emoji image instead of the generic monogram avatar; B2B sales product picker is fully localized in en/sk/de; new B2B sales units default sale visibility to Group.;Mriežka jednotiek budovy teraz zobrazuje skutočný obrázok produktu namiesto generického avatara; výber produktu pre B2B predaj je plne lokalizovaný v en/sk/de; nové B2B predajné jednotky majú predvolenú viditeľnosť predaja Skupina.;Das Gebäudeeinheitsraster zeigt jetzt das echte Produktbild statt des generischen Monogramm-Avatars; die B2B-Verkaufsproduktauswahl ist vollständig in en/sk/de lokalisiert; neue B2B-Verkaufseinheiten haben standardmäßig die Sichtbarkeit Gruppe.
baa8a2fc-b7c2-4da5-8e43-7b2c6bc95b69;2026-04-29T10:00:00Z;Bank lending simplified: collateral is now required for all loans, and bank loan-offer publishing has been removed — players select a bank directly and pledge a building as collateral.;Bankové pôžičky zjednodušené: zábezpeka je povinná pre všetky pôžičky a publikovanie ponúk bolo odstránené — hráči vyberajú banku priamo a zastavujú budovu ako zábezpeku.;Bankdarlehen vereinfacht: Sicherheiten sind jetzt für alle Darlehen erforderlich und Kreditangebote wurden entfernt — Spieler wählen die Bank direkt und verpfänden ein Gebäude als Sicherheit.
f83a4287-cbf8-4cdf-b0ec-05493105b44d;2026-04-28T22:15:00Z;The government system account is now excluded from all public leaderboards (both player and company rankings). Administrators can inspect and impersonate the government through a dedicated, clearly-labeled section in the Operations Dashboard — separated from the regular player list and gated behind admin authorization.;Vládny systémový účet je teraz vylúčený zo všetkých verejných rebríčkov (hráčov aj spoločností). Administrátori môžu kontrolovať a vydávať sa za vládu cez samostatnú, jasne označenú sekciu v Operačnom paneli — oddelené od bežného zoznamu hráčov a zabezpečené admin autorizáciou.;Das staatliche Systemkonto ist nun aus allen öffentlichen Bestenlisten ausgeschlossen (Spieler- und Unternehmensrankings). Administratoren können das Regierungskonto über einen eigenen, klar beschrifteten Bereich im Operationsdashboard einsehen und imitieren — getrennt von der regulären Spielerliste und durch Admin-Autorisierung geschützt.
f5fbca64-b326-4539-917a-223872868146;2026-04-28T16:30:00Z;Public sales unit editor now shows city-aware pricing guidance: a reference price (product base price × city FX rate), a below/at/above-market badge, contextual pricing hints, and a brand momentum tip. The minimum price input is bounded to the city average. Passive brand awareness mechanics added: selling superior-quality products or being the sole city seller gradually builds brand awareness each tick; inferior-quality products slowly erode it.;Panel na editáciu verejnej predajnej jednotky teraz zobrazuje cenové poradenstvo s ohľadom na mesto: referenčnú cenu, odznak pod/na/nad trhom, kontextové tipy k cenám a tip k budovaniu značky. Minimálna cena je viazaná na priemer mesta. Pasívna mechanika povedomia o značke: predaj produktov s nadpriemernou kvalitou alebo byť jediným predajcom v meste postupne zvyšuje povedomie o značke; produkty s podpriemernou kvalitou ho pomaly oslabujú.;Der Editor für die öffentliche Verkaufseinheit zeigt jetzt stadtbewusste Preishinweise: Referenzpreis, unter/am/über-Markt-Abzeichen, Preistipps und Marken-Momentum-Tipp. Passive Markenbekanntheitsmechaniken: überlegene Qualität oder Alleinverkäufer baut Markenbekanntheit auf; unterdurchschnittliche Qualität schwächt sie.
4a3e7f12-c891-4b2d-9d5e-7f8a9b0c1d2e;2026-04-28T20:00:00Z;R&D building: fixed category brand research (CATEGORY scope no longer requires a product type), public sales now blend product, category, and company brand contributions via diminishing-returns formula, R&D unit salaries raised 3–4× to make research a real capital decision, and R&D ledger entries now show clear "R&D Salary: …" labels so players can trace research costs in the income statement.;R&D budova: opravená kategoriálna výskumná chyba (CATEGORY rozsah už nevyžaduje typ produktu), verejný predaj teraz kombinuje príspevky značky produktu, kategórie a spoločnosti pomocou vzorca klesajúcich výnosov, platy jednotky R&D zvýšené 3–4× pre reálne kapitálové rozhodnutia, záznamy v účtovnom denníku teraz zobrazujú jasné štítky "R&D Plat: …".;F&E-Gebäude: Kategorie-Markenforschungsfehler behoben (CATEGORY-Bereich erfordert keinen Produkttyp mehr), öffentliche Verkäufe kombinieren jetzt Produkt-, Kategorie- und Unternehmens-Markenbeiträge über eine Formel mit abnehmendem Ertrag, F&E-Einheitsgehälter um das 3–4-fache erhöht für echte Kapitalentscheidungen, Ledger-Einträge zeigen jetzt klare "F&E-Gehalt: …"-Labels.
5fb1402f-2d45-434f-a87d-61ecc0c665cd;2026-04-28T19:00:00Z;Media house advertising income is now a dedicated first-class ledger category. Players can see how much their media houses earned in the income statement, drill into per-tick entries with source building links, and the amount is correctly included in net income, cash from operations, and taxable income.;Príjem z reklamy mediálneho domu je teraz samostatnou kategóriou v účtovnom denníku. Hráči môžu vidieť, koľko zarobili ich mediálne domy vo výkaze ziskov a strát, rozklikať jednotlivé záznamy s odkazom na zdrojovú budovu, a suma je správne zahrnutá do čistého príjmu, prevádzkových peňažných tokov a zdaniteľného príjmu.;Werbeeinnahmen des Medienhauses sind jetzt eine eigene erstklassige Ledger-Kategorie. Spieler können sehen, wie viel ihre Medienhäuser in der Gewinn-und-Verlustrechnung verdient haben, in Einzeleinträge mit Quellengebäude-Links einsteigen, und der Betrag wird korrekt in Nettoeinkommen, Cashflow aus dem Betrieb und steuerpflichtigem Einkommen berücksichtigt.
943f916a-068a-4dca-9ae7-9413cbffe887;2026-04-28T10:05:00Z;Power plants now support five new unit types (Fuel Procurement, Wind Turbine, Water Turbine, Mechanical Energy Storage, Energy Producer) with a correctness fix ensuring hydro and fuel units are never scaled by solar/wind weather factors; the building detail panel also shows projected per-tick surplus income or grid fine based on the current city power balance.;Elektrárne teraz podporujú päť nových typov jednotiek s opravou správnosti (vodné a palivové jednotky nie sú ovplyvnené faktormi počasia slnka/vetra); panel detailu budovy tiež zobrazuje odhadovaný príjem z prebytku alebo pokutu siete na tick na základe aktuálnej bilancie napájania mesta.;Kraftwerke unterstützen jetzt fünf neue Einheitentypen mit Korrektheitsbehebung (Wasser- und Brennstoffeinheiten werden nicht durch Solar-/Wind-Wetterfaktoren skaliert); das Gebäude-Detail-Panel zeigt auch prognostizierte Überschusseinnahmen oder Netzstrafen pro Tick basierend auf der aktuellen Stadtstrombilanz.
05a799cf-a530-4f9d-a847-1c6071c100cf;2026-04-28T14:25:00Z;Thermal power plants (COAL/GAS) now show a color-coded fuel reserve capacity bar with fill percentage, procurement rate, and constrained-output warning; GAS plants visibly cost 20% more per MWh than COAL with a clear economics badge; a grid-link chain visualization (Fuel Procurement → Energy Producer → City Grid) explains how installed units connect to generation.;Tepelné elektrárne (COAL/GAS) teraz zobrazujú farebne kódovanú lištu kapacity zásobníka paliva s percentom naplnenia, sadzbou zásobovania a varovaním o obmedzenom výkone; GAS elektrárne viditeľne stoja o 20 % viac za MWh ako COAL so zrozumiteľným odznakom ekonomiky; vizualizácia reťazca prepojenia siete (Nákup paliva → Výroba energie → Mestská sieť) vysvetľuje, ako nainštalované jednotky súvisia s výrobou.;Thermische Kraftwerke (COAL/GAS) zeigen jetzt einen farbcodierten Brennstoffreserve-Balken mit Füllprozentsatz, Beschaffungsrate und Leistungseinschränkungs-Warnung; GAS-Kraftwerke kosten sichtbar 20% mehr pro MWh als COAL mit einem klaren Wirtschaftlichkeits-Badge; eine Netzverbindungsketten-Visualisierung (Brennstoffbeschaffung → Energieerzeuger → Stadtnetz) erklärt, wie installierte Einheiten mit der Stromerzeugung zusammenhängen.
b8f3a291-9c4d-4e5f-8d1a-2e3f4a5b6c7d;2026-04-28T08:35:00Z;Media house upgrades, strategic guidance, and brand-impact analytics added — buy-building flow now shows channel strategy cards (Newspaper vs Radio vs TV), upgradeMediaHouse mutation levels up efficiency (50% → 83%), and the building detail panel shows advertiser brand health, advertising income history, and a combined reach multiplier.;Vylepšenia mediálneho domu, strategické poradenstvo a analytika vplyvu na značku pridané — nákupný postup teraz zobrazuje karty stratégie kanálov, mutácia upgradeMediaHouse zvyšuje efektivitu (50% → 83%) a panel detailu budovy zobrazuje zdravie značky inzerentov, históriu reklamných príjmov a kombinovaný multiplikátor dosahu.;Medienhausupgrades, strategische Anleitung und Markeneinfluss-Analytik hinzugefügt — der Kaufablauf zeigt jetzt Kanalstrategie-Karten (Zeitung vs. Radio vs. TV), die Mutation upgradeMediaHouse erhöht die Effizienz (50% → 83%), und das Gebäude-Detail-Panel zeigt Markenstatus der Werbetreibenden, Werbeeinnahmen-Verlauf und einen kombinierten Reichweiten-Multiplikator.
6a7f914c-83fc-405d-95ba-8fa310cff419;2026-04-28T07:44:00Z;Media house purchase flow is now fully usable — players can select NEWSPAPER, RADIO, or TV before buying a lot, the media type is persisted, and the building detail page shows the dedicated media house management panel instead of the factory-style grid.;Nákupný tok mediálneho domu je teraz plne použiteľný — hráči si môžu vybrať NOVINY, RÁDIO alebo TV pred kúpou pozemku, typ média je uložený a stránka detailu budovy zobrazuje panel správy mediálneho domu namiesto mriežky v štýle továrne.;Der Medienhauseinkaufsablauf ist jetzt vollständig nutzbar — Spieler können ZEITUNG, RADIO oder TV vor dem Kauf eines Grundstücks auswählen, der Medientyp wird gespeichert und die Gebäudedetailseite zeigt das dedizierte Medienhaus-Management-Panel statt des fabrikartigen Gitters.
f3c2a1d0-e5b6-4c7d-a8e9-0b1c2d3e4f5a;2026-04-28T01:30:00Z;Transport costs are now 10× more significant, priced in local city currency, and scale with each city's fuel price index — making geography and sourcing decisions strategically meaningful across Bratislava, Prague, Vienna, and other cities.;Prepravné náklady sú teraz 10-násobne vyššie, vyjadrené v miestnej mene mesta a zohľadňujú index ceny paliva každého mesta — čo robí geografiu a rozhodnutia o zásobovaní strategicky významnejšími v Bratislave, Prahe, Viedni a ďalších mestách.;Transportkosten sind jetzt 10× bedeutsamer, werden in der lokalen Stadtwährung berechnet und skalieren mit dem Kraftstoffpreisindex jeder Stadt — wodurch Geographie und Beschaffungsentscheidungen in Bratislava, Prag, Wien und anderen Städten strategisch bedeutsam werden.
c44a3531-accc-465e-aafb-0107d4f376f1;2026-04-28T05:00:00Z;Company settings salary table now shows each city's local currency — Prague wages in CZK, New York in USD, Delhi in INR. Base and effective wage columns use the city's own currency formatter, a currency badge appears next to each city name, and a clarifying note explains wages are not cross-converted.;Tabuľka miezd v nastaveniach spoločnosti teraz zobrazuje miestnú menu každého mesta — mzdy v Prahe sú v CZK, v New Yorku v USD, v Dillí v INR. Stĺpce základnej a efektívnej mzdy používajú formátovač meny mesta, vedľa každého názvu mesta sa zobrazuje odznak meny a vysvetľujúca poznámka uvádza, že mzdy nie sú krížovo konvertované.;Die Lohntabelle in den Unternehmenseinstellungen zeigt jetzt die Landeswährung jeder Stadt — Prager Löhne in CZK, New York in USD, Delhi in INR. Basis- und Effektivlohnspalten nutzen den Währungsformatierer der jeweiligen Stadt, neben jedem Stadtnamen erscheint ein Währungsabzeichen, und eine erklärende Notiz weist darauf hin, dass Löhne nicht wechselkursbereinigt werden.
bb3c221d-b185-4003-b906-9615a5533edf;2026-04-27T20:00:00Z;Unit upgrade prices and B2B sales recommended prices are now FX-adjusted to the building's city currency — players in Prague (CZK), Delhi (INR), or any non-EUR city pay economically comparable amounts instead of raw EUR figures.;Ceny upgrade jednotiek a odporúčané ceny v B2B predajoch sú teraz prispôsobené FX kurzu meny mesta budovy — hráči v Prahe (CZK), Dillí (INR) alebo akomkoľvek meste mimo EUR platia ekonomicky porovnateľné sumy namiesto surových EUR hodnôt.;Einheitenupgrade-Preise und empfohlene B2B-Verkaufspreise werden jetzt nach dem Wechselkurs der Stadtswährung des Gebäudes angepasst — Spieler in Prag (CZK), Delhi (INR) oder jeder Nicht-EUR-Stadt zahlen wirtschaftlich vergleichbare Beträge statt roher EUR-Zahlen.
6c7e8a91-f234-4b56-c789-0d1e2f3a4b5c;2026-04-28T00:00:00Z;Onboarding product prices, company capital, and configure-guide pricing hints are now shown in the city currency selected during setup — a player starting in Prague (CZK) sees CZK amounts on the completion screen, not raw EUR figures.;Ceny produktov, kapitál spoločnosti a cenové tipy v sprievodcovi pri onboardingu sú teraz zobrazené v mene mesta vybraného počas nastavenia — hráč, ktorý začína v Prahe (CZK), vidí sumy v CZK na obrazovke dokončenia, nie surové hodnoty v EUR.;Onboarding-Produktpreise, Unternehmenskapital und Preishinweise im Konfigurationsassistenten werden jetzt in der während des Setups gewählten Stadtwährung angezeigt — ein Spieler, der in Prag (CZK) startet, sieht CZK-Beträge auf dem Abschlussbildschirm und nicht rohe EUR-Werte.
a7531933-c814-454b-99a3-2f9321801226;2026-04-27T18:04:00Z;Buildings that cannot cover their operating costs (labor and energy) are now automatically suspended for the tick and skip all production — manufacturing, mining, purchasing, marketing, media content, and research — so players cannot earn output without having funds. A clear danger alert explains the situation in the building bank account panel, shows the needed amount, and links to bank management for quick recovery.;Budovy, ktoré nemôžu pokryť prevádzkové náklady (mzdy a energia), sú teraz automaticky pozastavené na dané taktovanie a preskakujú všetku produkciu — výrobu, ťažbu, nákup, marketing, mediálny obsah a výskum — takže hráči nemôžu zarábať bez dostupných prostriedkov. Jasné varovanie v paneli bankového účtu budovy vysvetlí situáciu, zobrazí potrebnú sumu a odkáže na správu bánk pre rýchlu obnovu.;Gebäude, die ihre Betriebskosten (Löhne und Energie) nicht decken können, werden für das Taktzyklus automatisch ausgesetzt und überspringen alle Produktionsaktivitäten — Fertigung, Bergbau, Einkauf, Marketing, Medieninhalt und Forschung — damit Spieler ohne Mittel keine Ausgaben generieren können. Eine deutliche Gefahrenwarnung im Gebäudekonto-Panel erklärt die Situation, zeigt den benötigten Betrag und verweist auf das Bankmanagement zur schnellen Wiederherstellung.
edcbf3a5-0ef0-42fd-87ca-d4ecf8718623;2026-04-27T09:30:00Z;Buy Building now requires selecting a channel type for Media House purchases and sends the chosen mediaType so media-house lot purchases no longer fail with INVALID_MEDIA_TYPE.;Nákup budovy teraz pri kúpe Mediálneho domu vyžaduje výber typu kanála a odosiela zvolený mediaType, takže nákup pozemku pre mediálny dom už nespadne na chybe INVALID_MEDIA_TYPE.;Der Gebäudekauf verlangt jetzt beim Kauf eines Medienhauses die Auswahl eines Kanaltyps und sendet den gewählten mediaType, sodass der Kauf von Medienhaus-Grundstücken nicht mehr mit INVALID_MEDIA_TYPE fehlschlägt.
1aa7138d-c1ec-4f1b-969c-be52c81aa3d0;2026-04-27T17:04:00Z;Apartment and commercial building detail screens now show a rent reference rate chart — an SVG occupancy curve with coloured pricing zones, a breakeven line at 75%, and clear markers for the city average rate, your location rate, and your current rent — making rent-setting decisions faster and more confident.;Detail bytových a komerčných budov teraz zobrazuje graf referenčnej nájomnej sadzby — SVG krivku obsadenosti s farebnými cenovými zónami, hranicu rentability na 75% a jasné ukazovatele mestskej priemernej sadzby, sadzby vašej lokality a vášho aktuálneho nájmu — čím sa rozhodovanie o nastavení nájmu stáva rýchlejšie a istejšie.;Die Detailansicht von Wohn- und Gewerbegebäuden zeigt jetzt ein Referenzmietendiagramm — eine SVG-Belegungskurve mit farbigen Preiszonen, einer Gewinnschwelle bei 75% und klaren Markierungen für den städtischen Durchschnittssatz, Ihren Standortsatz und Ihre aktuelle Miete — damit Mietentscheidungen schneller und sicherer getroffen werden können.
f4a81c27-9e53-4b1d-8c72-3d0f5e9ab6c8;2026-04-27T16:07:00Z;The Forex Exchange Gold AMM tab is reorganized into three clear sub-tabs: AMM Swap to buy or sell gold tokens through constant-product pools, My Positions to see pool ownership share and claimable trading fees and remove liquidity, and Add Liquidity to join existing pools or create a new pool for a fiat currency. Blocked-gold warnings are shown whenever locked gold cannot be used for new swaps.;Záložka Gold AMM na Forexovej burze je reorganizovaná do troch prehľadných podzáložiek: AMM Výmena na nákup alebo predaj zlatých tokenov cez fondy s konštantným produktom, Moje pozície na zobrazenie podielu na fonde, nárokovaných poplatkov a odobratia likvidity, a Pridať likviditu na vstup do existujúcich fondov alebo vytvorenie nového fondu pre fiat menu. Varovania o zablokovanom zlate sa zobrazujú vždy, keď zamknuté zlato nemožno použiť na nové výmeny.;Der Gold-AMM-Tab der Forex-Börse ist in drei übersichtliche Unterregisterkarten unterteilt: AMM-Tausch zum Kaufen oder Verkaufen von Goldtoken über Constant-Product-Pools, Meine Positionen zur Anzeige des Pool-Eigentumsanteils und einlösbarer Handelsgebühren sowie zum Entfernen von Liquidität, und Liquidität hinzufügen zum Beitreten bestehender Pools oder Erstellen eines neuen Pools für eine Fiat-Währung. Warnungen zu gesperrtem Gold werden angezeigt, wenn gesperrtes Gold nicht für neue Tauschgeschäfte verwendet werden kann.
a3c7e219-5f2d-4b8e-9c01-d6f8a1e4b7c2;2026-04-27T13:21:35Z;City selection is now fully persistent: the city chosen during onboarding is remembered after login, the buy-building flow pre-selects the active city instead of asking again, and company cash in the context switcher is now shown in the correct city currency.;Výber mesta je teraz plne perzistentný: mesto zvolené počas onboardingu sa pamätá po prihlásení, tok nákupu budovy predvyberá aktívne mesto namiesto opätovného pýtania sa, a hotovosť spoločnosti v prepínači kontextu sa teraz zobrazuje v správnej menovej jednotke mesta.;Die Stadtauswahl ist jetzt vollständig persistent: Die während des Onboardings gewählte Stadt wird nach dem Login gespeichert, der Gebäudekauf wählt die aktive Stadt vor statt erneut zu fragen, und das Firmenguthaben im Kontextwechsler wird jetzt in der richtigen Währung der Stadt angezeigt.
9e4dfb46-3d11-44f9-a1be-4c2f9d0bb6df;2026-04-26T23:58:00Z;Onboarding flow now follows URL-driven one-click progression across industry/product/city/IPO selections, removes local progress storage, and preserves guest onboarding state more reliably after page refresh.;Onboarding teraz používa URL-riadený tok s výberom na jedno kliknutie pre odvetvie/produkt/mesto/IPO, odstraňuje lokálne ukladanie postupu a spoľahlivejšie zachováva hosťovský stav onboarding-u po obnovení stránky.;Der Onboarding-Ablauf folgt jetzt einer URL-gesteuerten One-Click-Progression für Branche/Produkt/Stadt/IPO, entfernt die lokale Fortschrittsspeicherung und erhält den Gast-Onboarding-Status nach Seitenaktualisierung zuverlässiger.
c7a14d99-8b0f-4e1b-9f2e-5d8c4a2b1a0d;2026-04-27T00:15:00Z;Building detail unit grid now displays product images instead of monograms for manufacturing, purchase, and sales units with configured products. All remaining tabs (Inventory, Recent Activity, Market Intelligence) were restyled with Tailwind utilities for consistency.;Detail jednotiek v budove teraz zobrazuje obrázky produktov namiesto monogramov pre jednotky výroby, nákupu a predaja s nakonfigurovanými produktami. Všetky zostávajúce karty (Inventár, Nedávna aktivita, Trhová inteligencia) boli preštýlované pomocou Tailwind utility tried na konzistentnosť.;Die Gebäude-Einheitsrasteransicht zeigt jetzt Produktbilder statt Monogramme für Fertigungs-, Einkaufs- und Verkaufseinheiten mit konfigurierten Produkten an. Alle verbleibenden Tabs (Inventar, Aktuelle Aktivität, Marktintelligenz) wurden mit Tailwind-Utility-Klassen zum Konsistenz umgestaltet.
bb35fe75-e0b4-4e34-a02b-9720b00d2617;2026-04-26T23:59:59Z;Building detail no longer offers direct bank-account funding from the sidebar and now keeps bank-account management focused on assignment and banking pages.;Detail budovy už neponúka priame financovanie bankového účtu z bočného panela a správu bankových účtov teraz sústreďuje na priradenie a bankové stránky.;Die Gebäudedetailansicht bietet keine direkte Finanzierung des Bankkontos mehr in der Seitenleiste an und konzentriert die Bankkontoverwaltung nun auf Zuordnung und Banking-Seiten.
53154a1a-0753-4eda-af87-2f9f38b79fba;2026-04-26T23:59:59Z;Unit Details tabs and Quick Actions in building detail were restyled with Tailwind utility classes, restoring clear tab states, spacing, and price-edit controls after the CSS-to-Tailwind migration.;Záložky Detailov jednotky a Rýchle akcie v detaile budovy boli preštýlované pomocou Tailwind utility tried, čím sa po migrácii z CSS na Tailwind obnovili jasné stavy záložiek, rozostupy a ovládanie úpravy ceny.;Die Reiter Einheitendetails und Schnellaktionen in der Gebäudedetailansicht wurden mit Tailwind-Utility-Klassen neu gestaltet, wodurch nach der CSS-zu-Tailwind-Migration klare Reiterzustände, Abstände und Preisbearbeitungs-Steuerelemente wiederhergestellt wurden.
b7bb4cc5-fa2f-4838-9620-dea57eaabb70;2026-04-26T23:59:59Z;Building detail now keeps the selected unit in the URL during live tick refreshes, preventing the Unit Details content from disappearing when data reloads and preserving selection for navigation history.;Detail budovy teraz počas živého obnovenia ticku zachováva vybranú jednotku v URL, čím zabraňuje miznutiu obsahu panela Detailov jednotky pri načítaní dát a zachováva výber pre históriu navigácie.;Die Gebäudedetailansicht behält die ausgewählte Einheit jetzt auch bei Live-Tick-Aktualisierungen in der URL bei, verhindert so das Verschwinden der Einheitendetails beim Nachladen der Daten und erhält die Auswahl für die Navigationshistorie.
82a23b2d-5992-4231-a259-6eadac205a3e;2026-04-26T23:59:59Z;Building detail now keeps the selected Unit Details tab in the URL query, so quick actions and other tabs no longer jump back during live refreshes and browser back/forward navigation preserves the open tab.;Detail budovy teraz udržiava vybranú záložku Detailov jednotky v query URL, takže rýchle akcie a ďalšie záložky už pri živom obnovení neskáču späť a navigácia späť/vpred zachová otvorenú záložku.;Die Gebäudedetailansicht speichert die ausgewählte Reiterkarte der Einheitendetails jetzt in der URL-Query, sodass Schnellaktionen und andere Tabs bei Live-Refresh nicht mehr zurückspringen und Zurück/Vorwärts die geöffnete Registerkarte beibehält.
4d425bcf-047b-497f-b71e-b9a968063713;2026-04-26T23:59:59Z;Building detail purchase configuration and related management panels now localize accessibility labels and analytics tooltips, including the Choose product and vendor flow, across English, Slovak, and German.;Konfigurácia nákupu v detaile budovy a súvisiace panely správy teraz lokalizujú prístupnostné popisy a analytické tooltipy vrátane toku Výber produktu a dodávateľa naprieč angličtinou, slovenčinou a nemčinou.;Die Einkaufskonfiguration in der Gebäudedetailansicht und zugehörige Verwaltungsbereiche lokalisieren jetzt Barrierefreiheitsbeschriftungen und Analyse-Tooltips einschließlich des Ablaufs Produkt und Lieferant wählen in Englisch, Slowakisch und Deutsch.
f2dc9442-f966-4d88-8a31-8d387ddf40a2;2026-04-26T23:59:59Z;Building detail styling ownership was restored after Tailwind extraction: the Choose Product and Vendor dialog now renders as a full card-based picker again, and the property, media-house, power-plant, and sales-chain panels regained readable spacing, badges, and status blocks.;Po extrakcii do Tailwind sa obnovilo vlastníctvo štýlov v detaile budovy: dialóg Výber produktu a dodávateľa sa opäť zobrazuje ako plnohodnotný kartový výber a panely nehnuteľnosti, mediálneho domu, elektrárne a predajného reťazca znovu získali čitateľné rozostupy, odznaky a stavové bloky.;Nach der Tailwind-Extraktion wurde die Styling-Zuständigkeit in der Gebäudedetailansicht wiederhergestellt: Der Dialog Produkt- und Lieferantenauswahl wird wieder als vollständiger kartenbasierter Picker dargestellt, und die Bereiche Immobilie, Medienhaus, Kraftwerk sowie Verkaufskette erhielten wieder lesbare Abstände, Badges und Statusblöcke.
1ca4ad3d-7846-478d-9bd8-a6e6f1529669;2026-04-26T23:59:59Z;Building detail headers now render separated, readable status pills again (level, power, power state, and sale state) after Tailwind extraction, preventing collapsed text like "Level1Power3 MWPoweredNot For Sale".;Hlavičky detailu budovy teraz opäť zobrazujú oddelené a čitateľné stavové štítky (úroveň, výkon, stav napájania a stav predaja) po Tailwind extrakcii, čím sa predchádza zlepenému textu ako „Úroveň1Výkon3 MWNapájanéNie je na predaj“.;Gebäudedetail-Header zeigen nach der Tailwind-Extraktion wieder getrennte, gut lesbare Status-Pills (Level, Leistung, Versorgungsstatus und Verkaufsstatus) an und verhindern zusammengefallenen Text wie „Level1Power3 MWPoweredNot For Sale“.
f4ce53bf-4de8-4de7-a145-676cb7869537;2026-04-26T23:59:59Z;Research & Development building details now keep their full visual styling after the Tailwind migration, restoring readable metric cards, progress bars, and budget highlights in the R&D panel.;Detail budovy výskumu a vývoja si teraz po migrácii na Tailwind zachováva plnú vizuálnu úpravu, čím sa obnovili čitateľné karty metrík, progress bary a zvýraznenia rozpočtu v paneli V&V.;Die Detailansicht des Forschungs- und Entwicklungsgebäudes behält nach der Tailwind-Migration jetzt wieder die vollständige visuelle Gestaltung bei, wodurch lesbare Metrikkarten, Fortschrittsbalken und Budget-Hervorhebungen im F&E-Panel wiederhergestellt wurden.
0f7ebcb5-bf51-4ff8-b05b-48bf420f2cb2;2026-04-26T23:59:59Z;Zero-balance bank accounts can now be closed directly, are marked closed in the database, and are excluded from account selectors used for payments and loan settlement.;Bankové účty s nulovým zostatkom je teraz možné priamo zatvoriť, v databáze sa označia ako zatvorené a už sa nezobrazujú vo výberoch účtov používaných na platby a zúčtovanie úverov.;Bankkonten mit Nullsaldo können jetzt direkt geschlossen werden, werden in der Datenbank als geschlossen markiert und sind aus Kontoselektoren für Zahlungen und Kreditabwicklung ausgeschlossen.
7c4de28f-f8d0-4a23-8d24-6dcf43c12ef8;2026-04-26T23:59:00Z;Company bank accounts now consistently include their bank building in myBankAccounts, and legacy accounts missing a bank link are resolved to the appropriate government bank so bank-detail account lists show correctly.;Firemné bankové účty teraz konzistentne obsahujú svoju budovu banky v myBankAccounts a historické účty bez bankového prepojenia sa mapujú na príslušnú štátnu banku, takže zoznamy účtov v detaile banky sa zobrazujú správne.;Firmenbankkonten enthalten jetzt in myBankAccounts konsistent ihre Bankgebäude-ID, und Legacy-Konten ohne Bankverknüpfung werden auf die passende Staatsbank aufgelöst, sodass Kontolisten in der Bankdetailansicht korrekt angezeigt werden.
3fca3669-a907-44f5-8361-487ee71beed4;2026-04-26T23:45:00Z;Loan requests now use hour-based duration input with one-hour steps up to ten game years, the calculator shows borrowed amount and repayment in hours, and direct-bank loans validate one-to-87,600-hour durations.;Žiadosti o úver teraz používajú zadávanie dĺžky v hodinách s krokom jednej hodiny až do desiatich herných rokov, kalkulačka zobrazuje požičanú sumu a splátky v hodinách a priame bankové úvery validujú dĺžku od 1 do 87 600 hodín.;Kreditanfragen verwenden jetzt eine laufzeitbasierte Eingabe in Stunden mit Ein-Stunden-Schritten bis zu zehn Spieljahren, der Rechner zeigt geliehenen Betrag und Rückzahlung in Stunden, und direkte Bankkredite validieren Laufzeiten von 1 bis 87.600 Stunden.
5ebaf552-dff7-4d5a-a5a4-6d3ab56754ec;2026-04-26T23:10:00Z;Loan requests now use a guided four-step flow with collateral, principal, duration, and settlement-account selection, while repayments amortize principal every tick and book interest and principal as separate ledger entries.;Žiadosti o úver teraz používajú sprievodný štvor-krokový tok s výberom kolaterálu, istiny, dĺžky a zúčtovacieho účtu, pričom splácanie amortizuje istinu každý tick a úrok aj istinu účtuje ako samostatné položky hlavnej knihy.;Kreditanfragen nutzen jetzt einen geführten Vier-Schritt-Ablauf mit Auswahl von Sicherheit, Kapital, Laufzeit und Abwicklungskonto, während die Rückzahlung die Tilgung in jedem Tick amortisiert und Zinsen sowie Tilgung als getrennte Hauptbucheinträge verbucht.
5cc4e65a-8ecf-44af-8a2d-b17a60f5061f;2026-04-26T21:20:00Z;Game tick startup now repairs legacy ProductResearchBudgets AccumulatedBudget text columns to numeric, preventing server retry loops caused by decimal cast failures.;Štart herných tickov teraz opravuje historické textové stĺpce ProductResearchBudgets AccumulatedBudget na numeric, čím zabraňuje opakovaným reštartovacím slučkám servera spôsobeným chybami pri konverzii na desatinné čísla.;Der Start der Spiel-Ticks repariert jetzt Legacy-Textspalten ProductResearchBudgets AccumulatedBudget auf numeric und verhindert damit Server-Retry-Schleifen durch Dezimal-Cast-Fehler.
f3182fb1-8148-4af6-9751-aea32e15799c;2026-04-26T20:45:00Z;Bank borrowing now opens a dedicated loan request page per bank where you set amount, duration, and collateral before submitting the request.;Požičiavanie v banke teraz otvára samostatnú stránku žiadosti o úver pre každú banku, kde pred odoslaním nastavíte sumu, dĺžku a kolaterál.;Die Kreditaufnahme in Banken öffnet jetzt pro Bank eine eigene Kreditantragsseite, auf der Sie Betrag, Laufzeit und Sicherheit vor dem Absenden festlegen.
8f0a1a79-6d52-4d93-a7d9-9d9300ca11fe;2026-04-26T18:30:00Z;Bank loan requests now let borrowers choose the loan duration in ticks while requiring a pledged building as collateral and preventing one building from backing multiple active loans.;Žiadosti o bankový úver teraz umožňujú dlžníkom zvoliť dĺžku úveru v tikoch, pričom vyžadujú založenie budovy ako kolaterálu a zabraňujú tomu, aby jedna budova kryla viac aktívnych úverov.;Bankkreditanfragen erlauben Kreditnehmern jetzt die Wahl der Laufzeit in Ticks, verlangen dabei ein verpfändetes Gebäude als Sicherheit und verhindern, dass ein Gebäude mehrere aktive Kredite gleichzeitig besichert.
6a07b31d-82e9-4283-8723-852596fb7088;2026-04-26T16:00:00Z;Bank pages no longer show publishable loan offers and now guide players to request collateral-backed loans directly from banks, including government banks, with repayment visible through bank statements.;Stránky bánk už nezobrazujú zverejniteľné ponuky pôžičiek a teraz vedú hráčov k žiadosti o úvery kryté kolaterálom priamo z bánk vrátane štátnych bánk, pričom splácanie je viditeľné vo výpisoch z účtu.;Bankseiten zeigen keine veröffentlichbaren Kreditangebote mehr an und führen Spieler nun dazu, besicherte Darlehen direkt bei Banken einschließlich Staatsbanken zu beantragen, wobei die Rückzahlung im Kontoauszug sichtbar ist.
0cce8b6d-5994-4418-9674-920a06d53bbf;2026-04-26T13:30:00Z;Loan borrowing now uses direct bank access across all open banks (including government banks), with loan capacity tied to bank deposits and collateral selection required before requesting a loan.;Požičiavanie úverov teraz funguje cez priamy prístup ku všetkým otvoreným bankám (vrátane štátnych bánk), pričom úverová kapacita je viazaná na bankové vklady a pred žiadosťou o úver je povinný výber zábezpeky.;Die Kreditaufnahme nutzt jetzt den direkten Zugang zu allen geöffneten Banken (einschließlich Staatsbanken), wobei die Kreditkapazität an Bankeinlagen gebunden ist und vor der Kreditanfrage eine Sicherheit ausgewählt werden muss.
d86f108d-9b50-43c2-a063-a925347dc12d;2026-04-26T10:34:13Z;Stock trading now accepts explicit company settlement accounts more reliably and lot-purchase race handling now ensures only the winning company is charged when two buyers compete for the same lot.;Obchodovanie s akciami teraz spoľahlivejšie prijíma explicitné firemné zúčtovacie účty a spracovanie súbežného nákupu pozemku teraz zaručuje, že pri súťaži dvoch kupujúcich o ten istý pozemok je zaúčtovaná iba víťazná spoločnosť.;Der Aktienhandel akzeptiert jetzt zuverlässiger explizite Firmen-Abwicklungskonten, und die Behandlung von gleichzeitigen Grundstückskäufen stellt nun sicher, dass bei konkurrierenden Käufen desselben Grundstücks nur die Gewinnerfirma belastet wird.
f6a28b59-2d92-4f8d-9622-a1a0c5d7a3ea;2026-04-26T12:45:00Z;Campaign analytics now loads reliably on legacy PostgreSQL schemas by auto-repairing text-typed QuantitySold values in PublicSalesRecords to numeric on server startup.;Analytika kampaní sa teraz spoľahlivo načíta aj na historických PostgreSQL schémach vďaka automatickej oprave textového stĺpca QuantitySold v PublicSalesRecords na numeric pri štarte servera.;Campaign-Analysen laden jetzt auch auf Legacy-PostgreSQL-Schemata zuverlässig, da texttypisierte QuantitySold-Werte in PublicSalesRecords beim Serverstart automatisch auf numeric repariert werden.
9f8a3b26-1f63-4f6f-87b8-8e4d6b8c11f2;2026-04-26T12:30:00Z;Server startup now repairs legacy PostgreSQL databases missing the ForexTradeRecords table, so forex trade history loads reliably again after upgrade.;Štart servera teraz opravuje historické PostgreSQL databázy, ktorým chýba tabuľka ForexTradeRecords, takže história forex obchodov sa po upgrade opäť načíta spoľahlivo.;Der Serverstart repariert jetzt ältere PostgreSQL-Datenbanken, in denen die Tabelle ForexTradeRecords fehlt, sodass die Forex-Handelshistorie nach dem Upgrade wieder zuverlässig geladen wird.
2f264150-e894-4f89-9ae6-313d7a8189f8;2026-04-25T22:20:00Z;PostgreSQL startup now also repairs legacy boolean columns like ProductTypes.IsProOnly (and related gameplay flags) from INTEGER/TEXT to true boolean before seeding, preventing DbUpdate crashes on drifted schemas.;Štart PostgreSQL teraz opravuje aj historické boolean stĺpce ako ProductTypes.IsProOnly (a súvisiace herné príznaky) z INTEGER/TEXT na skutočný boolean pred seedovaním, čím predchádza pádom DbUpdate na driftovaných schémach.;Der PostgreSQL-Start repariert jetzt auch Legacy-Boolean-Spalten wie ProductTypes.IsProOnly (und verwandte Gameplay-Flags) von INTEGER/TEXT auf echte Boolean-Werte vor dem Seeding und verhindert so DbUpdate-Abstürze bei abweichenden Schemata.
7e3d8681-d45c-4376-b5d9-9bf1ae436570;2026-04-25T21:50:59Z;PostgreSQL startup now applies a discoverable legacy-boolean repair migration that normalizes integer/text chat and construction flags to true boolean columns before seeding, preventing DbUpdate failures.;Štart na PostgreSQL teraz aplikuje objaviteľnú migráciu opravy historických boolean polí, ktorá normalizuje celočíselné/textové príznaky chatu a výstavby na skutočné boolean stĺpce pred seedovaním, čím zabraňuje zlyhaniam DbUpdate.;Der PostgreSQL-Start wendet jetzt eine erkennbare Legacy-Boolean-Reparaturmigration an, die Integer-/Text-Flags für Chat und Bau vor dem Seeding in echte Boolean-Spalten normalisiert und so DbUpdate-Fehler verhindert.
ca0a8c7c-1c82-49b7-a651-5738f53df367;2026-04-25T21:42:55Z;PostgreSQL startup migration path now repairs legacy boolean columns stored as INTEGER/TEXT (including Players.IsInvisibleInChat) and older migrations now create boolean fields provider-aware to prevent repeat upgrade failures.;Štartovacia migračná cesta na PostgreSQL teraz opravuje historické boolean stĺpce uložené ako INTEGER/TEXT (vrátane Players.IsInvisibleInChat) a staršie migrácie teraz vytvárajú boolean polia provider-aware, aby sa zabránilo opakovaným zlyhaniam upgradu.;Der PostgreSQL-Startmigrationspfad repariert jetzt Legacy-Boolean-Spalten, die als INTEGER/TEXT gespeichert sind (einschließlich Players.IsInvisibleInChat), und ältere Migrationen erstellen Boolean-Felder jetzt provider-aware, um wiederholte Upgrade-Fehler zu verhindern.
8a65f36f-bd5d-495e-be44-d916f3a1fcaf;2026-04-25T21:38:54Z;Backend startup account provisioning now uses pure EF LINQ lookups (no raw SQL query APIs), improving compatibility with legacy schemas while keeping runtime data access policy consistent.;Štartovacie zriaďovanie backend účtov teraz používa čisté EF LINQ dotazy (bez raw SQL query API), čím zlepšuje kompatibilitu s historickými schémami a zachováva konzistentnú runtime politiku prístupu k dátam.;Die Startprovisionierung von Backend-Konten verwendet jetzt reine EF-LINQ-Abfragen (ohne Raw-SQL-Query-APIs), verbessert die Kompatibilität mit Legacy-Schemata und hält die Laufzeit-Datenzugriffsrichtlinie konsistent.
ea347e27-de08-49af-9650-4ea973b8e8de;2026-04-25T21:30:10Z;PostgreSQL startup account provisioning now uses cast-safe player and company ID lookups, preventing text-vs-uuid runtime query failures on legacy drifted schemas.;Štartovacie zriaďovanie účtov na PostgreSQL teraz používa cast-safe vyhľadávanie ID hráča a spoločnosti, čím predchádza runtime chybám text-vs-uuid na historicky driftovaných schémach.;Die PostgreSQL-Startprovisionierung von Konten verwendet jetzt cast-sichere Abfragen für Spieler- und Firmen-IDs und verhindert so Laufzeitfehler durch Text-vs-UUID auf Legacy-Drift-Schemata.
05b7e0b9-8ea4-4bf3-9837-a166d37667c1;2026-04-25T21:23:50Z;PostgreSQL startup migrations now skip and safely clean up the legacy BankAccounts CompanyId1 foreign-key artifact, preventing upgrade crashes on drifted schemas.;PostgreSQL štartovacie migrácie teraz preskakujú a bezpečne čistia historický artefakt cudzieho kľúča CompanyId1 v BankAccounts, čím predchádzajú pádom upgradu na driftovaných schémach.;PostgreSQL-Startmigrationen überspringen und bereinigen jetzt sicher das Legacy-Fremdschlüsselartefakt CompanyId1 in BankAccounts und verhindern so Upgrade-Abstürze bei abweichenden Schemata.
fd72f676-1ad1-4977-ac52-ed66cbf37eca;2026-04-25T21:21:39Z;PostgreSQL migration backfills now normalize legacy boolean-like bank deposit flags into true/false values, preventing startup failures when historical schemas store booleans as integers or text.;PostgreSQL migračné backfily teraz normalizujú historické bankové boolean príznaky na true/false hodnoty, čím predchádzajú zlyhaniam štartu pri schémach, kde sú booleany uložené ako celé čísla alebo text.;PostgreSQL-Migrations-Backfills normalisieren Legacy-Bankeinlagen-Boolean-Flags jetzt in echte true/false-Werte und verhindern Startfehler, wenn historische Schemata Booleans als Ganzzahlen oder Text speichern.
589003c7-e161-4cea-a456-60c09e03b8d0;2026-04-25T21:18:56Z;PostgreSQL bank-deposit migration backfills now safely coerce legacy text rate and datetime fields into numeric and timestamptz values, preventing startup upgrade failures on drifted schemas.;PostgreSQL backfily migrácie bankových vkladov teraz bezpečne konvertujú historické textové polia sadzieb a dátumov na hodnoty numeric a timestamptz, čím predchádzajú zlyhaniam upgradu pri štarte na driftovaných schémach.;PostgreSQL-Backfills der Bankeinlagenmigration konvertieren Legacy-Textfelder für Zinssätze und Datumswerte jetzt sicher in Numeric- und Timestamptz-Werte und verhindern so Start-Upgrade-Fehler bei abweichenden Schemata.
5b90ffe7-29d5-44db-9fa8-3936d2417ea7;2026-04-25T21:14:56Z;PostgreSQL migration backfills now safely normalize legacy text timestamps into CreatedAtUtc and related datetime fields, preventing server-upgrade failures in bank-account migration steps.;PostgreSQL migračné backfily teraz bezpečne normalizujú historické textové časové značky do polí CreatedAtUtc a súvisiacich datetime polí, čím predchádzajú zlyhaniam upgradu servera v krokoch migrácie bankových účtov.;PostgreSQL-Migrations-Backfills normalisieren jetzt Legacy-Textzeitstempel sicher in CreatedAtUtc und verwandte Datumsfelder, wodurch Server-Upgrade-Fehler in Bankkonto-Migrationsschritten verhindert werden.
08f54ddb-b1b5-4e96-a7f0-23e2fd77d438;2026-04-25T21:08:34Z;PostgreSQL upgrade scripts now harden cross-table ID comparisons with legacy-safe casting to prevent text-vs-uuid operator failures during bank-account money-model migrations.;PostgreSQL upgrade skripty teraz spevňujú porovnania ID medzi tabuľkami pomocou legacy-safe castovania, aby sa počas migrácií bankového peňažného modelu predišlo chybám operátora text-vs-uuid.;PostgreSQL-Upgrade-Skripte härten jetzt tabellenübergreifende ID-Vergleiche mit Legacy-sicherem Casting, um Text-vs-UUID-Operatorfehler während Migrationen des Bankkonto-Geldmodells zu verhindern.
11a82119-5081-4e57-b9aa-abb6860b2ed0;2026-04-25T21:05:47Z;Game server startup migrations now handle already-removed legacy PlayerCurrencyBalances data safely on PostgreSQL, preventing upgrade crashes and preserving bank-account-only money flow rollout.;Štartovacie migrácie herného servera teraz na PostgreSQL bezpečne zvládnu už odstránené historické dáta PlayerCurrencyBalances, čím zabraňujú pádom pri upgrade a zachovávajú rollout modelu peňazí iba cez bankové účty.;Die Startmigrationen des Game-Servers behandeln bereits entfernte Legacy-PlayerCurrencyBalances-Daten unter PostgreSQL jetzt sicher, verhindern Upgrade-Abstürze und sichern den Rollout des reinen Bankkonto-Geldmodells.
e597bff4-4310-4364-a0c3-cd7b236d5e53;2026-04-25T20:56:59Z;PostgreSQL startup migrations are now hardened against legacy text-vs-uuid key drift, so city weather, bank accounts, and ledger foreign keys apply safely during server upgrades.;Štartovacie migrácie PostgreSQL sú teraz spevnené proti historickému nesúladu typov kľúčov text-vs-uuid, takže cudzie kľúče pre počasie mesta, bankové účty a hlavnú knihu sa pri upgrade servera aplikujú bezpečne.;PostgreSQL-Startmigrationen sind jetzt gegen historischen Text-vs-UUID-Schlüsselabweichungen gehärtet, sodass Fremdschlüssel für Stadtwetter, Bankkonten und Hauptbuch bei Server-Upgrades sicher angewendet werden.
2ffdbdcc-482e-48fb-affb-8c3d8c7a7186;2026-04-25T20:15:16Z;Backend persistence policy is now standardized: automated tests use EF Core InMemory instead of SQLite, startup uses provider migrations or EnsureCreated without runtime SQL scripts, and repository instructions now enforce SQL usage only inside migrations.;Politika backend perzistencie je teraz štandardizovaná: automatizované testy používajú EF Core InMemory namiesto SQLite, štart aplikácie používa migrácie poskytovateľa alebo EnsureCreated bez runtime SQL skriptov a repozitárové inštrukcie teraz vynucujú používanie SQL iba v migráciách.;Die Backend-Persistenzrichtlinie ist jetzt standardisiert: Automatisierte Tests verwenden EF Core InMemory statt SQLite, der Start nutzt Provider-Migrationen oder EnsureCreated ohne Laufzeit-SQL-Skripte, und die Repository-Anweisungen erzwingen SQL-Verwendung nur innerhalb von Migrationen.
dbeccbc0-38e4-4c82-b605-6a779038a89d;2026-04-25T11:16:38Z;Banking now follows the active navbar account context in Bank Statement and the Banking Accounts tab, and players can open new bank accounts with zero balance from both personal and company contexts.;Bankovníctvo teraz rešpektuje aktívny kontext účtu v hornom prepínači na stránke Bankový výpis aj v záložke Účty na stránke Bankovníctvo a hráči môžu otvárať nové bankové účty s nulovým zostatkom v osobnom aj firemnom kontexte.;Das Banking folgt jetzt dem aktiven Konto-Kontext aus der oberen Navigation in der Kontoauszugsansicht und im Konten-Tab der Banking-Seite, und Spieler können neue Bankkonten mit Nullsaldo sowohl im persönlichen als auch im Firmenkontext eröffnen.
d762773f-0afc-4352-8c94-85f1cd5830d4;2026-04-25T10:36:39Z;Banking now lets companies open new-currency accounts with zero balance and fund them later from Forex, while the Banks and bank-detail screens use roomier Tailwind spacing for the account-opening and borrowing flows.;Bankovníctvo teraz umožňuje firmám otvárať účty v novej mene s nulovým zostatkom a dofinancovať ich neskôr cez Forex, pričom obrazovky Banky a detail banky používajú vzdušnejšie Tailwind rozostupy pre tok otvorenia účtu a požičiavania.;Im Bankwesen können Firmen jetzt Konten in neuer Währung mit Nullsaldo eröffnen und später über Forex finanzieren, während die Banken- und Bankdetail-Bildschirme großzügigere Tailwind-Abstände für Kontoeröffnung und Kreditfluss nutzen.
6e8ed5bf-58f5-4dca-a9a4-52329ecf79fd;2026-04-25T00:00:00Z;Banking account flow now allows opening a bank account with any positive amount, enforces one active account per player per bank, routes extra funding through Forex transfer, and the /banking page now uses a Banks heading with an Accounts tab that lists your company bank accounts.;Tok bankových účtov teraz umožňuje otvoriť účet s ľubovoľnou kladnou sumou, vynucuje jeden aktívny účet hráča v jednej banke, presúva dodatočné financovanie cez Forex prevod a stránka /banking teraz používa nadpis Banky so záložkou Účty, ktorá zobrazuje firemné bankové účty.;Der Bankkonto-Flow erlaubt jetzt die Kontoeröffnung mit jedem positiven Betrag, erzwingt ein aktives Konto pro Spieler und Bank, leitet zusätzliche Finanzierung über Forex-Überweisungen und die Seite /banking verwendet nun die Überschrift Banken mit einem Konten-Tab, der Firmenbankkonten auflistet.
940bd6c8-bf68-42c6-8a26-68aedc4b2f08;2026-04-24T13:17:31Z;Buildings now automatically get a city-currency bank account and let you reassign it from the Building Overview panel, while the restored sidebar once again shows the building overview and clicked unit detail tabs.;Budovy teraz automaticky dostanú bankový účet v mene mesta a môžete ho zmeniť v paneli Prehľad budovy, pričom obnovený bočný panel opäť zobrazuje prehľad budovy aj záložky detailov kliknutej jednotky.;Gebäude erhalten jetzt automatisch ein Bankkonto in Stadtwährung und lassen sich im Gebäudeübersichts-Panel neu zuweisen, während die wiederhergestellte Seitenleiste wieder die Gebäudeübersicht und die Detail-Tabs der angeklickten Einheit zeigt.
29908513-ae11-4e3e-8be3-c20663db35a1;2026-04-24T11:44:55Z;Banking visibility and statements improved: every city now shows its government bank on the Banking page, owned banks no longer show the Acquire a Bank prompt after purchase, and Bank Statement Review lets you switch between all of your bank accounts with paginated history.;Viditeľnosť bankovníctva a bankových výpisov vylepšená: na stránke Bankovníctvo sa teraz v každom meste zobrazuje štátna banka, vlastnené banky už po kúpe nezobrazujú výzvu Získať banku a Prehľad bankového výpisu umožňuje prepínať medzi všetkými vašimi bankovými účtami so stránkovanou históriou.;Banking-Sichtbarkeit und Kontoauszüge verbessert: Auf der Banking-Seite wird jetzt in jeder Stadt die Staatsbank angezeigt, eigene Banken zeigen nach dem Kauf keinen Hinweis zum Bankerwerb mehr, und die Kontoauszugsübersicht lässt zwischen all Ihren Bankkonten mit paginierter Historie wechseln.
19f9572c-4aa7-4d88-a6c1-db3676d35400;2026-04-24T10:43:12Z;Frontend page spacing now follows a shared design pattern: landing, login, and forex screens use stronger page shells, roomier card spacing, and better table gutters so important sections no longer feel cramped.;Rozostupy frontendu sa teraz riadia zdieľaným dizajnovým vzorom: domovská stránka, prihlasovanie a devízová burza používajú výraznejšie page shelly, vzdušnejšie karty a lepšie odsadenie tabuliek, takže dôležité sekcie už nepôsobia stiesnene.;Die Frontend-Abstände folgen jetzt einem gemeinsamen Designmuster: Startseite, Login und Devisenhandel verwenden stärkere Page-Shells, großzügigere Kartenabstände und bessere Tabellenränder, sodass wichtige Bereiche nicht mehr gedrängt wirken.
df28bcdf-b001-427a-bb7d-4409f99ba1a1;2026-04-24T10:27:59Z;The home page now uses roomier spacing and a cleaner leaderboard card, with better separation between hero, status panels, and table headers for a more polished first impression.;Domovská stránka teraz používa vzdušnejšie rozostupy a čistejšiu kartu rebríčka, s lepším oddelením hero sekcie, stavových panelov a hlavičiek tabuľky pre profesionálnejší prvý dojem.;Die Startseite verwendet jetzt großzügigere Abstände und eine klarere Ranglisten-Karte, mit besserer Trennung zwischen Hero-Bereich, Statusfeldern und Tabellenköpfen für einen professionelleren ersten Eindruck.
e50e09d6-fc9a-4b91-9295-15c47c7da883;2026-04-24T10:11:30Z;Home, login, and forex screens now keep consistent spacing after the Tailwind cleanup: sections and cards use explicit Tailwind gaps and padding so content no longer collapses together.;Domovská stránka, prihlasovanie a devízová burza si po Tailwind úprave teraz zachovávajú konzistentné rozostupy: sekcie a karty používajú explicitné Tailwind medzery a odsadenie, takže sa obsah už nezlieva dokopy.;Startseite, Login und Devisenhandel behalten nach der Tailwind-Bereinigung jetzt konsistente Abstände: Abschnitte und Karten verwenden explizite Tailwind-Abstände und Innenabstände, sodass der Inhalt nicht mehr zusammengeschoben wirkt.
3edb8081-bf72-4126-b6f3-9553e1f9fa22;2026-04-24T09:51:19Z;Building-detail unit grids now keep their full card layout after the Tailwind extraction: borders, padding, connector styling, and tile metrics render from component-owned scoped CSS instead of being lost in a parent-scoped style block.;Mriežky jednotiek v detaile budovy si po Tailwind extrakcii teraz zachovávajú plné kartové rozloženie: okraje, odsadenie, štýl konektorov a metriky dlaždíc sa renderujú z komponentom vlastneného scoped CSS namiesto toho, aby sa stratili v štýloch rodiča.;Einheitenraster in der Gebäudedetailansicht behalten nach der Tailwind-Extraktion jetzt ihr vollständiges Kartenlayout: Rahmen, Abstände, Verbindungsstil und Kachelmetriken werden aus komponenteneigenem Scoped-CSS gerendert, statt in einem parent-scoped Style-Block verloren zu gehen.
6a4c7f0d-2d2f-49e7-8e3b-9f38c6a4b551;2026-04-24T08:53:04Z;Personal forex balances now live in player bank accounts: non-EUR holdings are migrated into tracked personal accounts and legacy currency wallets are removed, so swaps, gold trades, and non-EUR onboarding purchases use the same account model.;Osobné devízové zostatky teraz žijú na bankových účtoch hráča: zostatky v iných menách než EUR sa migrujú do sledovaných osobných účtov a staré menové peňaženky sú odstránené, takže výmeny, obchody so zlatom a onboardingové nákupy mimo EUR používajú rovnaký model účtov.;Persönliche Devisensalden liegen jetzt auf Bankkonten des Spielers: Nicht-EUR-Bestände werden in nachverfolgte Privatkonten migriert und alte Währungs-Wallets entfernt, sodass Wechselgeschäfte, Goldhandel und Onboarding-Käufe außerhalb von EUR dasselbe Kontomodell verwenden.
052a012e-77bd-4012-89da-7cd29d275644;2026-04-23T22:20:56Z;Personal funds now live entirely in bank accounts: legacy wallet cash is migrated into each player's personal settlement account, so onboarding, forex, stock trades, and rankings all use the same bank-account balance.;Osobné financie teraz žijú výhradne na bankových účtoch: stará hotovosť v peňaženke sa migruje do osobného vyrovnávacieho účtu každého hráča, takže onboarding, forex, obchody s akciami aj rebríčky používajú rovnaký bankový zostatok.;Persönliche Gelder liegen jetzt vollständig auf Bankkonten: Altes Wallet-Guthaben wird auf das persönliche Verrechnungskonto jedes Spielers migriert, sodass Onboarding, Forex, Aktienhandel und Ranglisten denselben Kontostand verwenden.
9f7f7e9d-0f24-4ad1-a538-a2734dd39898;2026-04-23T20:30:00Z;Banking screens now use consistent bank-account language: players open and close bank accounts instead of creating or withdrawing deposits, and customer banking lists now show account holders rather than depositors.;Bankové obrazovky teraz používajú konzistentnú terminológiu bankových účtov: hráči otvárajú a zatvárajú bankové účty namiesto vytvárania alebo výberu vkladov a zoznamy klientov banky teraz zobrazujú majiteľov účtov namiesto vkladateľov.;Banking-Bildschirme verwenden jetzt konsistente Bankkonto-Begriffe: Spieler eröffnen und schließen Bankkonten statt Einlagen anzulegen oder abzuheben, und Kundenlisten der Bank zeigen nun Kontoinhaber statt Einleger.
117e4889-dbf2-4420-9f7d-acce4868492e;2026-04-23T22:13:00Z;Theme toggle and dark-mode reliability improved: the app now correctly stays in dark mode in all environments including CI; the onboarding wizard CSS was migrated to Tailwind and all E2E selector classes restored so tests are fully reliable.;Prepínač témy a spoľahlivosť tmavého režimu boli vylepšené: aplikácia teraz zostáva v tmavom režime vo všetkých prostrediach vrátane CI; CSS sprievodcu registráciou bolo presunuté do Tailwind a obnovené všetky triedy E2E selektorov pre plnú spoľahlivosť testov.;Theme-Umschalter und Dark-Mode-Zuverlässigkeit verbessert: Die App bleibt jetzt in allen Umgebungen einschließlich CI korrekt im Dark-Mode; das Onboarding-Wizard-CSS wurde zu Tailwind migriert und alle E2E-Selektorklassen wurden wiederhergestellt, sodass Tests vollständig zuverlässig sind.
01edb8e3-589a-49d4-8b38-d6d4562599ab;2026-04-23T19:45:00Z;Bank account transfers added: a new Transfer tab on the Forex page lets players move funds between two of their own bank accounts in the same currency, with both sides recorded as ledger entries on each company's bank statement.;Pridané prevody medzi bankovými účtami: nová záložka Prevod na stránke Forex umožňuje hráčom presúvať prostriedky medzi dvoma vlastnými účtami v rovnakej mene, pričom obe strany sú zaznamenané ako účtovné zápisy na bankovom výpise každej spoločnosti.;Banküberweisungen hinzugefügt: Ein neuer Tab "Überweisung" auf der Forex-Seite lässt Spieler Geld zwischen zwei eigenen Konten derselben Währung verschieben, wobei beide Seiten als Buchungseinträge im Kontoauszug jedes Unternehmens erfasst werden.
6d3fa77d-3d0b-429b-9cb8-64447c3efd4e;2026-04-23T16:41:00Z;Power plant economics launched: POWER_GENERATION and BATTERY_STORAGE building units are now available, grid surplus income and shortage fines settle each tick through the ledger, and the power plant building detail view shows a live P&L analytics panel with per-tick chart.;Ekonomika elektrární spustená: stavebné jednotky POWER_GENERATION a BATTERY_STORAGE sú teraz dostupné, prebytočný príjem zo siete a pokuty za nedostatok sa každý tick vyrovnávajú cez účtovníctvo a pohľad na detail elektrárennej budovy zobrazuje živý panel P&L analytiky s grafom po tickoch.;Kraftwerksökonomie gestartet: Gebäudeeinheiten POWER_GENERATION und BATTERY_STORAGE sind jetzt verfügbar, Netzüberschusseinnahmen und Knappheitsstrafen werden je Tick über das Hauptbuch abgerechnet, und die Kraftwerk-Gebäudedetailansicht zeigt ein Live-G&V-Analyse-Panel mit Tick-für-Tick-Diagramm.
275ec4f3-bfe0-43d1-988e-379139dc7b9f;2026-04-23T11:42:59Z;Frontend visual foundation upgraded: the application shell, navigation, login screen, and home page now use a Tailwind-first design system with proper light and dark mode support, improved spacing, clearer typography hierarchy, and consistent interactive states.;Vizuálny základ frontendu bol vylepšený: shell aplikácie, navigácia, prihlasovacia obrazovka a domovská stránka teraz využívajú dizajnový systém postavený na Tailwind s podporou svetlého a tmavého režimu, lepším odsadením, jasnejšou typografickou hierarchiou a konzistentnými interaktívnymi stavmi.;Das visuelle Grundgerüst des Frontends wurde verbessert: App-Shell, Navigation, Login-Bildschirm und Startseite verwenden jetzt ein Tailwind-basiertes Designsystem mit echtem Light- und Dark-Mode, verbessertem Spacing, klarerer Typografie und konsistenten interaktiven Zuständen.
f3c2a891-7d14-4e82-b9d4-6a5c3e8b1f20;2026-04-23T06:46:43Z;Forex Exchange now shows company bank account selectors so players pick exactly which account funds each swap and which account receives the proceeds, with live balances visible in both selectors and insufficient-funds blocked before confirmation.;Forex zmenáreň teraz zobrazuje selektory firemných bankových účtov, aby hráči presne vybrali, ktorý účet financuje každú výmenu a ktorý účet prijíma výnosy, pričom aktuálne zostatky sú viditeľné v oboch selektoroch a nedostatočné prostriedky sú blokované pred potvrdením.;Die Forex-Börse zeigt jetzt Firmenbankkonto-Auswähler, sodass Spieler genau bestimmen, welches Konto jeden Tausch finanziert und welches Konto die Erlöse erhält, mit Live-Salden in beiden Auswählern und gesperrten Tauschen bei unzureichenden Mitteln vor der Bestätigung.
8120e28e-008c-471d-a260-0e22b7bf4f8e;2026-04-23T00:41:00Z;Bank Statement Review screen added: players can now inspect every debit and credit for any company, see a running balance, and follow CTA links to the Forex page when they lack funds in a target city currency before buying buildings.;Prehľad bankového výpisu bol pridaný: hráči teraz môžu skontrolovať každý debet a kredit pre každú spoločnosť, vidieť aktuálny zostatok a sledovať výzvy na akciu na stránku Forex, keď im chýbajú prostriedky v mene cieľového mesta pred kúpou budov.;Kontoauszugsübersicht hinzugefügt: Spieler können jetzt jeden Soll- und Habenposten für jedes Unternehmen prüfen, einen laufenden Saldo einsehen und über CTA-Links zur Forex-Seite navigieren, wenn ihnen vor dem Gebäudekauf Mittel in der Zielstadtwährung fehlen.
52a8da6c-49b0-4994-9ac1-61cc6f64955b;2026-04-22T21:53:30Z;Forex Exchange now opens on a tabbed Swap view with a dedicated live rate list and query-driven tab/currency deep links, making cross-currency planning easier before trading.;Forex zmenáreň sa teraz otvára v záložkovom zobrazení Výmena s vyhradeným živým zoznamom kurzov a hlbokými odkazmi na záložky/menu, čo uľahčuje plánovanie medzi menami pred obchodom.;Die Forex-Börse öffnet jetzt in einer geteilten Tausch-Ansicht mit eigener Live-Kursliste und Query-gesteuerten Deep Links für Tabs/Währungen, was die Planung zwischen Währungen vor dem Handel erleichtert.
e1212cfa-856f-4640-934e-3e9abf8537de;2026-04-22T20:36:35Z;Starter onboarding now consistently uses an affordable factory site and the onboarding lot picker no longer throws map errors during fast step changes, keeping the first-factory flow stable after mining land gained premium pricing.;Štartovací onboarding teraz konzistentne používa cenovo dostupný továrenský pozemok a výber parcely v onboardingu už pri rýchlych zmenách krokov nevyhadzuje chyby mapy, takže tok prvej továrne zostáva stabilný aj po zavedení prémiových cien baníckej pôdy.;Das Start-Onboarding verwendet jetzt konsistent ein erschwingliches Fabrikgrundstück und der Grundstücksauswähler im Onboarding wirft bei schnellen Schrittwechseln keine Kartenfehler mehr, sodass der erste Fabrikkauf auch nach den Premiumpreisen für Bergbauflächen stabil bleibt.
c56a2c1e-fcec-4165-9915-1a30848f7029;2026-04-22T09:46:44Z;Mining land selection now shows deposit details and premium valuation: lot list items display a resource type badge (e.g. Iron Ore) before purchase, the purchase form surfaces a Deposit Investment Summary when Mine is selected, and mine land prices are reworked to a $20M–$200M premium band based on deposit quality and reserve size — making mining a high-stakes strategic investment instead of a generic lot purchase.;Výber baníckych pozemkov teraz zobrazuje detaily ložiska a prémiovú valuáciu: položky zoznamu parciel zobrazujú odznak typu suroviny (napr. Železná ruda) pred kúpou, formulár kúpy zobrazuje Zhrnutie investície do ložiska pri výbere Bane a ceny baníckych pozemkov sú prepracované do prémiového pásma 20 mil.–200 mil. USD na základe kvality ložiska a veľkosti rezervy — čo robí ťažbu strategickou investíciou s vysokými stávkami namiesto generického nákupu pozemku.;Die Bergbau-Grundstücksauswahl zeigt jetzt Lagerstättendetails und Premiumbewertung: Grundstückslisten-Einträge zeigen ein Rohstofftypabzeichen (z.B. Eisenerz) vor dem Kauf, das Kaufformular zeigt eine Investitionszusammenfassung für Lagerstätten wenn Mine ausgewählt wird, und Bergbau-Grundstückspreise werden auf ein Premium-Band von 20–200 Mio. USD basierend auf Lagerstättenqualität und Reservegröße überarbeitet — was Bergbau zu einer strategischen Hochrisikoinvestition statt eines generischen Grundstückskaufs macht.
fcb987e2-70e5-4282-b352-7d80173350c9;2026-04-22T06:44:39Z;Unit detail panels now use a tabbed layout for faster gameplay management: clicking any active unit shows focused tabs — Basic Info, Inventory, History, and Activity for all units; Public Sales also gains Quick Actions (instant price change without edit mode) and Market Intelligence tabs; Purchase and Manufacturing units also gain a Market tab.;Panely detailov jednotiek teraz používajú záložkové rozloženie pre rýchlejšiu správu hrania: kliknutie na akúkoľvek aktívnu jednotku zobrazuje sústredené záložky — Základné info, Sklad, História a Aktivita pre všetky jednotky; Verejný predaj tiež získava Rýchle akcie (okamžitá zmena ceny bez režimu úprav) a záložky Trhu; Jednotky Nákupu a Výroby tiež získavajú záložku Trhu.;Einheitendetailpanels verwenden jetzt ein Tab-Layout für schnelleres Spielmanagement: Durch Klicken auf eine aktive Einheit werden fokussierte Tabs angezeigt — Basisinfo, Lager, Verlauf und Aktivität für alle Einheiten; Öffentlicher Verkauf erhält außerdem Schnellaktionen (sofortige Preisänderung ohne Bearbeitungsmodus) und Markt-Tabs; Kauf- und Fertigungseinheiten erhalten ebenfalls einen Markt-Tab.
af52b1f0-27fe-44db-a172-fc256223e401;2026-04-21T18:19:42Z;Currency-aware onboarding and USD-normalized leaderboard launched: founder capital is now scaled by the EUR→local FX rate so players starting in Prague receive economically equivalent CZK funding (not a copy of EUR amounts), leaderboard rankings sort and display in USD for fair cross-city comparison, company breakdown items show local currency, and a shared formatMoney/formatCompactMoney utility is now used consistently across onboarding and leaderboard screens.;Spustené menovo-vedomé onboardovanie a USD-normalizovaný rebríček: zakladateľský kapitál je teraz škálovaný EUR→miestnym FX kurzom, takže hráči začínajúci v Prahe dostanú ekonomicky ekvivalentné CZK financovanie, rebríček hodnotí a zobrazuje v USD pre spravodlivé porovnanie naprieč mestami, súhrnné položky spoločnosti zobrazujú miestnu menu a zdieľaná utilita formatMoney/formatCompactMoney sa teraz konzistentne používa na onboardingových obrazovkách a rebríčkoch.;Währungsbewusstes Onboarding und USD-normalisiertes Leaderboard gestartet: Das Gründungskapital wird jetzt mit dem EUR→lokalen FX-Kurs skaliert, sodass Spieler die in Prag starten wirtschaftlich äquivalente CZK-Finanzierung erhalten, das Leaderboard sortiert und zeigt in USD für fairen stadtübergreifenden Vergleich, Unternehmensaufschlüsselungen zeigen Lokalwährung, und ein gemeinsames formatMoney/formatCompactMoney-Dienstprogramm wird jetzt konsistent auf Onboarding- und Leaderboard-Bildschirmen verwendet.
a3f7e2d1-8b4c-4f9a-b5e6-2c1d9f8e7a3b;2026-04-21T14:46:00Z;City weather forecast and power planning panel launched: all players now see a live weather & power planning section on every city map showing current solar/wind conditions, a rolling 24-tick forecast bar chart, city power balance (supply/demand/reserve), shortage status, and actionable infrastructure guidance explaining why renewable weather conditions matter for power plant investment decisions.;Spustený panel predpovede počasia a plánovania energie mesta: všetci hráči teraz vidia živú sekciu počasia a plánovania energie na každej mape mesta zobrazujúcu aktuálne podmienky slnka/vetra, pohyblivý 24-tikový pruhový graf predpovede, energetickú bilanciu mesta (zásobovanie/dopyt/rezerva), stav nedostatku a praktické pokyny k infraštruktúre vysvetľujúce, prečo sú podmienky obnoviteľného počasia dôležité pre investičné rozhodnutia v elektrárňach.;Stadt-Wettervorhersage und Energieplanungs-Panel gestartet: Alle Spieler sehen jetzt einen Live-Wetter- und Energieplanungsbereich auf jeder Stadtkarte mit aktuellen Solar-/Windbedingungen, einem rollierenden 24-Tick-Prognosebalkendiagramm, Stadtstrombilanz (Angebot/Nachfrage/Reserve), Engpassstatus und umsetzbaren Infrastrukturhinweisen, die erklären, warum erneuerbare Wetterbedingungen für Investitionsentscheidungen in Kraftwerke wichtig sind.
0d0ebd70-6f99-44d6-9a32-24c64d4cfeaa;2026-04-21T12:49:00Z;Campaign Analytics Dashboard launched: players can now navigate to /marketing-analytics to see a company-wide KPI dashboard comparing brand quality, awareness, marketing prestige, pricing level, and downstream sales outcomes for every active sales unit — with plain-language recommendations explaining whether higher pricing is justified by brand strength or whether campaign investment is underperforming.;Spustený Prehľad analytiky kampaní: hráči sa teraz môžu navigovať na /marketing-analytics a vidieť firemný KPI prehľad porovnávajúci kvalitu značky, povedomie, marketingový rozruch, cenovú úroveň a výsledky predaja pre každú aktívnu predajnú jednotku — s odporúčaniami v bežnom jazyku vysvetľujúcimi, či je vyššia cena odôvodnená silou značky alebo či investícia do kampane nedosahuje dobré výsledky.;Kampagnen-Analyse-Dashboard gestartet: Spieler können jetzt zu /marketing-analytics navigieren und ein unternehmensweites KPI-Dashboard sehen, das Markenqualität, Bewusstsein, Marketing-Prestige, Preisniveau und Verkaufsergebnisse für jede aktive Verkaufseinheit vergleicht — mit einfachen Empfehlungen, die erklären, ob höhere Preise durch Markenstärke gerechtfertigt sind oder ob Kampagneninvestitionen unterdurchschnittlich abschneiden.
b1d4f4b3-1d80-40cd-a6aa-02b42499e287;2026-04-21T10:41:00Z;Brand quality progression launched: sustained marketing investment now builds persistent MarketingQuality on each brand (decays 0.03%/tick without spend); the combined brand quality blends R&D and marketing prestige to amplify public sales competitiveness by up to 50%, so companies with strong brand reputations win measurably more market share.;Spustená progressia kvality značky: dlhodobá investícia do marketingu teraz buduje trvalú MarketingQuality pre každú značku (klesá o 0,03%/tik bez výdavkov); kombinovaná kvalita značky kombinuje výskum a marketingový rozruch, čím zvyšuje konkurencieschopnosť v predaji verejnosti až o 50%, takže spoločnosti so silnou reputáciou značky získavajú merateľne väčší podiel na trhu.;Markenqualitäts-Progression gestartet: Nachhaltige Marketinginvestitionen bauen jetzt dauerhaftes MarketingQuality für jede Marke auf (zerfällt ohne Ausgaben um 0,03%/Tick); die kombinierte Markenqualität verbindet F&E und Marketing-Prestige, um die Wettbewerbsfähigkeit im Publikumsverkauf um bis zu 50% zu steigern, sodass Unternehmen mit starkem Markenruf messbar mehr Marktanteile gewinnen.
f2b9c4a1-7e3d-4f8b-9c5a-6d1e8b2f7c3e;2026-04-21T07:20:00Z;Media house content investment system launched: players can now configure a per-tick content budget for owned media houses; each tick the budget is converted to accumulated content using level-based efficiency (50% at L1, 66% at L2, …), content decays 0.5% per tick, and content ranking against city competitors directly boosts the marketing effectiveness multiplier for advertisers using that outlet.;Spustený systém investícií do obsahu mediálnych domov: hráči teraz môžu nastaviť rozpočet na obsah za tik pre vlastnené mediálne domy; každý tik sa rozpočet konvertuje na nahromadený obsah pomocou efektivity závislej od úrovne (50% na U1, 66% na U2, …), obsah klesá o 0,5% za tik a hodnotenie obsahu voči konkurentom v meste priamo zvyšuje multiplikátor marketingovej efektivity pre inzerentov, ktorí daný kanál používajú.;Inhalts-Investitionssystem für Medienhäuser eingeführt: Spieler können jetzt ein Tick-Inhaltsbudget für eigene Medienhäuser konfigurieren; jedes Tick wird das Budget mit stufenbasierter Effizienz (50% auf L1, 66% auf L2, …) in angesammelten Inhalt umgewandelt, Inhalt zerfällt um 0,5% pro Tick, und das Inhalts-Ranking gegenüber Stadtkonkurrenten steigert direkt den Marketing-Effektivitätsmultiplikator für Werbetreibende, die diesen Kanal nutzen.
e7a1f3b2-9c4d-4e8a-b6f5-3d2a1c9e8b7f;2026-04-21T06:00:00Z;Baseline city media markets launched: every city now has a government-owned Newspaper, Radio, and TV media house seeded at startup; the marketing-unit picker is upgraded to a strategic card list sorted by content ranking with GOV and YOUR STATION badges, city and reach labels, so players can compare media outlets at a glance.;Spustené základné mestské mediálne trhy: každé mesto teraz má štátom vlastnené noviny, rádio a televíziu zaradené pri štarte hry; výber mediálneho domu v marketingovej jednotke je vylepšený na strategický zoznam kariet zoradených podľa hodnotenia obsahu so znakmi ŠTÁT a VAŠA STANICA, mestom a dosahom, aby hráči mohli porovnávať médiá na prvý pohľad.;Basismedienmärkte in Städten eingeführt: Jede Stadt hat jetzt ein staatliches Zeitungs-, Radio- und TV-Medienhaus ab dem Spielstart; der Medienhaus-Picker in der Marketing-Einheit wurde auf eine strategische Kartenliste aktualisiert, sortiert nach Inhalts-Ranking mit STAAT- und IHRE STATION-Abzeichen, Stadt und Reichweite, damit Spieler Medienoutlets auf einen Blick vergleichen können.
2d6dc1e4-8cd0-425c-ac64-502cdeb4f14c;2026-04-21T05:00:00Z;Finished local city currency support across building-unit pricing and analytics: dashboard building-header financials, company cash, personal cash, and all onboarding budget and price cards now display the building's real local currency (EUR, CZK, USD, etc.) using Intl.NumberFormat — no more hardcoded dollar signs anywhere in pricing or analytics flows.;Dokončená podpora miestnej meny mesta v cenách jednotiek budov a analytike: finančné súhrny záhlaví budov v dashboarde, hotovosť spoločnosti, osobná hotovosť a všetky onboardingové karty rozpočtu a cien teraz zobrazujú skutočnú miestnu menu budovy (EUR, CZK, USD atď.) pomocou Intl.NumberFormat — v tokovoch tvorby cien ani analytiky sa už nenachádzajú žiadne pevne zakódované znaky dolára.;Vollständige Unterstützung der lokalen Stadtwährung in Gebäudeeinheitspreisen und Analysen abgeschlossen: Dashboard-Gebäudekopf-Finanzen, Unternehmenskapital, persönliche Barmittel und alle Onboarding-Budget- und Preiskarten zeigen jetzt mit Intl.NumberFormat die echte lokale Währung des Gebäudes (EUR, CZK, USD usw.) — in Preis- oder Analyse-Workflows sind keine fest codierten Dollarzeichen mehr vorhanden.
b4e8c2a1-3f9d-4e7b-8c6a-1d5f2e9b7c4a;2026-04-21T02:43:00Z;Changelog persistence and presentation polished: long entries now save without PostgreSQL errors, titles are split at ':' for readable headlines, and duplicate summary text is no longer shown alongside the full entry body.;Oprava ukladania a prezentácie changelogu: dlhé záznamy sa teraz ukladajú bez chýb PostgreSQL, titulky sú rozdelené pri ':' pre čitateľné nadpisy a duplicitný text súhrnu sa už nezobrazuje vedľa celého textu záznamu.;Changelog-Speicherung und -Darstellung verbessert: Lange Einträge werden jetzt ohne PostgreSQL-Fehler gespeichert, Titel werden bei ':' für lesbare Überschriften aufgeteilt und doppelter Zusammenfassungstext wird nicht mehr neben dem vollständigen Eintragstext angezeigt.
7f3a4e91-1b28-4c9a-8d5e-2f6b8c3e9a07;2026-04-20T23:40:00Z;Tokenized gold AMM liquidity pools launched: players can now create fiat/XAU constant-product pools, add or remove liquidity, get swap quotes with slippage info, and execute gold ↔ fiat swaps — liquidity providers earn the 1% fee automatically, and pool-committed assets are blocked from concurrent use.;Spustené tokenizované zlaté AMM likvidné fondy: hráči teraz môžu vytvárať fondy fiat/XAU s konštantným produktom, pridávať alebo odoberať likviditu, získavať ponuky swapov s informáciami o sklze a vykonávať swapy zlato ↔ fiat — poskytovatelia likvidity zarábajú 1% poplatok automaticky a prostriedky viazané vo fonde sú blokované pred súbežným použitím.;Tokenisierte Gold-AMM-Liquiditätspools gestartet: Spieler können jetzt Fiat/XAU-Pools mit konstantem Produkt erstellen, Liquidität hinzufügen oder entfernen, Swap-Angebote mit Slippage-Informationen erhalten und Gold ↔ Fiat-Swaps ausführen — Liquiditätsanbieter verdienen automatisch die 1%-Gebühr und im Pool gebundene Mittel sind vor gleichzeitiger Nutzung gesperrt.
a3f7c891-2e04-4b68-9d15-6f8b3a2e1c47;2026-04-21T10:00:00Z;Gold AMM liquidity pool integration tests: added 26 comprehensive backend tests covering pool creation, add/remove liquidity, swap quotes, FIAT_TO_GOLD and GOLD_TO_FIAT swap execution, blocked-resource enforcement, fee accrual to LPs, and authorization checks.;Integračné testy zlatého AMM likvidného fondu: pridaných 26 komplexných backendových testov pokrývajúcich vytvorenie fondu, pridanie/odobratie likvidity, cenové ponuky swapov, vykonanie swapov FIAT_TO_GOLD a GOLD_TO_FIAT, vynucotvanie blokovaných zdrojov, akumuláciu poplatkov pre poskytovateľov likvidity a kontroly autorizácie.;Gold-AMM-Liquiditätspool-Integrationstests: 26 umfassende Backend-Tests hinzugefügt, die Pool-Erstellung, Liquidität hinzufügen/entfernen, Swap-Angebote, FIAT_TO_GOLD- und GOLD_TO_FIAT-Swap-Ausführung, Blockierungserzwingung von Ressourcen, Gebührenakkumulation für Liquiditätsanbieter und Autorisierungsprüfungen abdecken.
d2d19412-5309-4387-a5d1-3e3b39a76892;2026-04-20T21:00:00Z;Local city currency in building units: purchasing, B2B sales, and public sales unit screens now show the correct local city currency (CZK for Prague, USD for New York, EUR for Bratislava, etc.) in all price configuration fields, validation messages, and analytics summaries — it is no longer possible to confuse EUR with CZK or USD in key pricing workflows.;Miestna mena mesta v jednotkách budov: obrazovky nákupných, B2B predajných a verejných predajných jednotiek teraz zobrazujú správnu miestnu menu mesta (CZK pre Prahu, USD pre New York, EUR pre Bratislavu atď.) vo všetkých poliach konfigurácie cien, overovacích správach a analytických zhrnutiach — viac nie je možné zameniť EUR s CZK alebo USD v kľúčových pracovných tokoch tvorby cien.;Lokale Stadtwährung in Gebäudeeinheiten: Einkaufs-, B2B-Verkaufs- und Publikumsverkaufseinheiten zeigen jetzt die korrekte lokale Stadtwährung (CZK für Prag, USD für New York, EUR für Bratislava usw.) in allen Preiskonfigurationsfeldern, Validierungsmeldungen und Analyse-Übersichten — es ist nicht mehr möglich, EUR mit CZK oder USD in wichtigen Preisgestaltungs-Workflows zu verwechseln.
3e8a4f62-1b0c-4d7a-9c5e-87a2b0f1e3d9;2026-04-20T12:43:00Z;Multi-currency ledger: company ledger entries and building performance summaries now show the correct local currency (EUR, CZK, USD, GBP, CNY, INR) for each city; the ledger KPI row now shows a currency badge and a multi-currency indicator for companies operating in multiple cities; amounts are formatted using the correct ISO 4217 currency code throughout all financial views.;Viacmenová hlavná kniha: záznamy v hlavnej knihe a prehľady výkonnosti budov teraz zobrazujú správnu miestnu menu (EUR, CZK, USD, GBP, CNY, INR) pre každé mesto; riadok KPI hlavnej knihy teraz zobrazuje odznak meny a ukazovateľ viacerých mien pre spoločnosti pôsobiace vo viacerých mestách; sumy sú formátované pomocou správneho kódu meny ISO 4217 vo všetkých finančných zobrazeniach.;Mehrwährungs-Hauptbuch: Buchungseinträge und Gebäude-Performance-Übersichten zeigen jetzt die korrekte Lokalwährung (EUR CZK USD GBP CNY INR) für jede Stadt; die KPI-Zeile des Hauptbuchs zeigt jetzt ein Währungsabzeichen und einen Mehrwährungsindikator für Unternehmen die in mehreren Städten tätig sind; Beträge werden in allen Finanzansichten mit dem korrekten ISO-4217-Währungscode formatiert.
f658fe49-99b9-4da2-badf-c20dd318b4d7;2026-04-20T10:00:00Z;Global city expansion: New York (USD), London (GBP), Beijing (CNY), and Delhi (INR) are now playable cities; each city has the correct local currency wired through banking, building lots, and city resources; NBS daily exchange rates are downloaded and persisted on startup so the upcoming forex exchange can use real market data from day one.;Rozšírenie globálnych miest: New York (USD), Londýn (GBP), Peking (CNY) a Dillí (INR) sú teraz hrateľné mestá; každé mesto má správnu miestnu menu prepojenú cez bankovníctvo, stavebné pozemky a mestské zdroje; kurzové sadzby NBS sa sťahujú a ukladajú pri spustení, aby mal pripravovaný devízový trh k dispozícii reálne trhové dáta od prvého dňa.;Globale Stadterweiterung: New York (USD), London (GBP), Peking (CNY) und Delhi (INR) sind jetzt spielbare Städte; jede Stadt hat die korrekte Lokalwährung, die durch Banking, Grundstücke und Stadtressourcen verdrahtet ist; NBS-Tageswechselkurse werden beim Start heruntergeladen und gespeichert, damit die kommende Devisenbörse von Anfang an echte Marktdaten nutzen kann.
cfc114c0-b870-4dbc-8ae0-bfb2ec5a1563;2026-04-20T03:44:00Z;Currency-aware banking: banks in Prague now require 240M CZK base capital instead of the previous fixed 10M EUR figure; banks in Bratislava and Vienna continue to require 10M EUR; all bank money displays (deposits, loans, account balance, capacity) now show the correct local city currency (EUR or CZK) throughout the bank management interface.;Bankové operácie s menami miest: banky v Prahe teraz vyžadujú základný kapitál 240 mil. CZK namiesto predchádzajúcej pevnej sumy 10 mil. EUR; banky v Bratislave a Viedni naďalej vyžadujú 10 mil. EUR; všetky peňažné zobrazenia v banke (vklady, pôžičky, zostatok účtu, kapacita) teraz zobrazujú správnu miestnu menu mesta (EUR alebo CZK) v celom rozhraní správy banky.;Währungsbewusstes Banking: Banken in Prag erfordern jetzt 240 Mio. CZK Grundkapital statt des bisherigen festen Betrags von 10 Mio. EUR; Banken in Bratislava und Wien erfordern weiterhin 10 Mio. EUR; alle Geldanzeigen in der Bank (Einlagen Kredite Kontostand Kapazität) zeigen jetzt die korrekte lokale Stadtwährung (EUR oder CZK) in der gesamten Bank-Management-Oberfläche.
4a6cdc61-c2f2-4e85-bdd3-f8059314b103;2026-04-20T01:45:00Z;Banking increment: bank purchase now auto-initialises base capital deposit and default interest rates (3% deposit / 8% lending); rate configuration is visible immediately after bank creation before the base deposit; all routing from city map, ledger, and navigation now correctly links to /bank/:id for bank buildings; deposits are shown as an account-style balance with Add Funds and Withdraw flows backed by a new topUpDeposit API; navigation renamed from Loans to Banking.;Bankový prírastok: nákup banky teraz automaticky inicializuje základný kapitálový vklad a predvolené úrokové sadzby (3% vklad / 8% požičiavanie); konfigurácia sadzieb je viditeľná ihneď po vytvorení banky pred základným vkladom; všetky smerujúce na mapu mesta, hlavnú knihu a navigáciu teraz správne odkazujú na /bank/:id pre bankové budovy; vklady sú zobrazené ako zostatok bankového účtu s tokmi Pridať prostriedky a Vybrať podporovanými novým API topUpDeposit; navigácia premenovaná z Pôžičky na Bankovníctvo.;Banking-Inkrement: Bankkauf initialisiert jetzt automatisch die Grundkapitaleinlage und Standardzinssätze (3% Einlage / 8% Kreditvergabe); Zinssatzkonfiguration ist sofort nach der Bankerstellung vor der Grundeinlage sichtbar; alle Weiterleitungen von Stadtkarte Hauptbuch und Navigation verlinken jetzt korrekt auf /bank/:id für Bankgebäude; Einlagen werden als kontostil-Saldo mit Einzahlen- und Abheben-Flows angezeigt die durch eine neue topUpDeposit-API unterstützt werden; Navigation von Kredite in Banking umbenannt.
a7c3e8f1-5b2d-4c91-b803-12e0f9a5c6d7;2026-04-18T02:47:00Z;City map now has a city picker dropdown in the header so players can switch between all available cities without returning to the dashboard; the blank-map regression when toggling from list view back to map view is fixed by keeping the Leaflet container in the DOM with CSS visibility instead of destroying and recreating it.;Mapa mesta má teraz rozbaľovací výber miest v hlavičke, takže hráči môžu prepínať medzi dostupnými mestami bez návratu na dashboard; chyba prázdnej mapy pri prepnutí zo zoznamu späť na mapu je opravená tým, že kontajner Leaflet zostáva v DOM pomocou CSS viditeľnosti namiesto jeho ničenia a obnovy.;Die Stadtkarte hat jetzt eine Stadtauswahl-Dropdown-Liste in der Kopfzeile, sodass Spieler zwischen verfügbaren Städten wechseln können ohne zum Dashboard zurückzukehren; der Fehler mit der leeren Karte beim Umschalten von der Listenansicht zurück zur Kartenansicht ist behoben indem der Leaflet-Container mit CSS-Sichtbarkeit im DOM verbleibt statt ihn zu zerstören und neu zu erstellen.
3e924c90-6a84-4404-8498-51084c1972ce;2026-04-17T22:16:00Z;Banking flow completed: buying a bank now redirects to /bank/:id with a setup guide; the borrow tab on the loan marketplace now shows a bank-selection list instead of generic offers so players choose a bank first and create loans on the bank page; banking ledger accounting corrected with deposit interest earned/paid and loan interest income/expense in the income statement, active deposits placed appearing as assets on the balance sheet, and banking cash flows in the cash flow statement.;Bankový tok dokončený: kúpa banky teraz presmeruje na /bank/:id s návodom na nastavenie; záložka pôžičky na trhu pôžičiek teraz zobrazuje zoznam bánk namiesto generických ponúk aby hráči najprv vybrali banku a vytvorili pôžičku na stránke banky; účtovníctvo bankového ledgeru opravené s úrokmi z vkladov prijatými/zaplatenými a príjmom/výdavkom úrokov z pôžičiek vo výkaze ziskov a strát, aktívne vklady ako aktíva v súvahe a bankové peňažné toky vo výkaze peňažných tokov.;Bankfluss abgeschlossen: Der Kauf einer Bank leitet jetzt zu /bank/:id mit einer Einrichtungsanleitung weiter; der Ausleihe-Tab auf dem Kreditmarktplatz zeigt jetzt eine Bankliste statt generischer Angebote damit Spieler erst eine Bank auswählen und Kredite auf der Bankseite erstellen; die Banking-Ledger-Buchführung wurde korrigiert mit erhaltenen/gezahlten Einlagenzinsen und Kreditzinserträgen/-aufwendungen in der Gewinn- und Verlustrechnung aktiven Einlagen als Aktiva in der Bilanz und Banking-Cashflows in der Kapitalflussrechnung.
5c889066-ac1c-4813-aa85-3c22714035cf;2026-04-17T20:43:00Z;Dashboard now has a dedicated Pro subscription tab: Pro details moved out of the Overview page into a new Pro tab showing subscription status, expiry date, and four benefit cards (more products, advanced industries, no restrictions, priority access); the Overview tab is now focused solely on company financials and next steps.;Dashboard má nový dedikovaný Pro tab: detaily Pro predplatného sa presunuli z prehľadu do nového Pro tabu, kde sa zobrazuje stav predplatného, dátum vypršania a štyri karty výhod (viac produktov, pokročilé odvetvia, žiadne obmedzenia, prioritný prístup); záložka Prehľad je teraz zameraná výlučne na firemné financie a ďalšie kroky.;Das Dashboard hat jetzt einen eigenen Pro-Abonnement-Tab: Pro-Details wurden aus der Übersichtsseite in einen neuen Pro-Tab verschoben der Abonnementstatus, Ablaufdatum und vier Vorteils-Karten zeigt (mehr Produkte, fortgeschrittene Industrien, keine Einschränkungen, Prioritätszugang); der Übersichts-Tab konzentriert sich jetzt ausschließlich auf Unternehmensfinanzen und nächste Schritte.
6d8e4425-fdcf-4823-a3a4-fb7f5bda94b4;2026-04-17T19:42:00Z;Complete banking ownership and activation flow: dashboard building cards for BANK type now link to the bank management page instead of the generic building page; players who purchased a bank property but have not yet made the base deposit now see a clear 'Make Base Deposit' activation screen instead of an empty management view; the bank management view gates all management sections (rates, depositors, liquidity, loan offers, issued loans) behind base capital activation to reflect true bank state.;Kompletný tok vlastníctva a aktivácie banky: karty budov v dashboarde pre typ BANKA teraz odkazujú na stránku správy banky namiesto generickej stránky budovy; hráči, ktorí si zakúpili bankovú nehnuteľnosť ale ešte nevykonali základný vklad, teraz vidia jasnú aktivačnú obrazovku „Vykonať základný vklad" namiesto prázdneho pohľadu správy; pohľad správy banky podmieňuje všetky sekcie správy (sadzby, vkladatelia, likvidita, ponuky úverov, vydané úvery) aktiváciou základného kapitálu aby odrážal skutočný stav banky.;Vollständiger Bankeigentums- und Aktivierungsfluss: Dashboard-Gebäudekarten für den Typ BANK verlinken jetzt auf die Bankverwaltungsseite statt auf die generische Gebäudeseite; Spieler die eine Bankimmobilie erworben haben aber die Basiseinlage noch nicht geleistet haben sehen jetzt einen klaren 'Grundkapitaleinlage vornehmen'-Aktivierungsbildschirm statt einer leeren Verwaltungsansicht; die Bankverwaltungsansicht sperrt alle Verwaltungsbereiche (Zinsen, Einleger, Liquidität, Kreditangebote, ausgestellte Kredite) hinter der Grundkapitalaktivierung um den echten Bankstatus widerzuspiegeln.
c045f647-695c-40fb-acec-9523498d9a7e;2026-04-17T13:44:00Z;Building-backed secured lending delivered: players can now pledge one of their owned buildings as collateral when accepting a bank loan, borrowing up to 70% of the building's appraised value; the loan acceptance flow shows appraised value, 70% cap, existing secured exposure, and remaining borrowing capacity for each eligible building; secured loans display the pledged building in both borrower and bank-owner loan views; backend enforces the 70% LTV cap and prevents double-pledging the same building.;Úvery zabezpečené budovami: hráči môžu teraz zálohovať jednu zo svojich budov ako zábezpeku pri prijímaní bankového úveru a požičiavať až 70 % odhadovanej hodnoty budovy; postup prijatia úveru zobrazuje odhadovanú hodnotu, 70 % strop, existujúci dlh a zostávajúcu kapacitu pre každú vhodnú budovu; zabezpečené úvery zobrazujú zálohovanú budovu v pohľadoch dlžníka aj majiteľa banky; backend vynucuje 70 % strop LTV a zabraňuje dvojitému zálohovaniu tej istej budovy.;Gebäudebesicherte Kreditvergabe geliefert: Spieler können jetzt eines ihrer Gebäude als Sicherheit verpfänden wenn sie ein Bankdarlehen annehmen und bis zu 70 % des Schätzwerts des Gebäudes leihen; der Darlehensannahme-Flow zeigt Schätzwert, 70 %-Grenze, bestehende gesicherte Schulden und verbleibende Kreditkapazität für jedes geeignete Gebäude; besicherte Darlehen zeigen das verpfändete Gebäude in der Kreditansicht sowohl des Kreditnehmers als auch des Bankeigentümers; das Backend erzwingt die 70 %-LTV-Grenze und verhindert doppelte Verpfändung desselben Gebäudes.
4e587c8a-cfe1-4b4e-aad3-4d18cb89c276;2026-04-17T04:46:00Z;Bank capitalization and liquidity-pressure gameplay delivered: banks now require a $10,000,000 base capital deposit to activate, central-bank emergency funding is automatically issued when a bank cannot meet its obligations (tracked as CentralBankDebt on the building), variable central-bank interest (2–5% p.a. based on how many banks are borrowing) is charged each tick, surplus cash auto-repays the debt, and the owner bank dashboard now shows a Liquidity Health panel with reserve status (HEALTHY/PRESSURED/CRITICAL), reserve shortfall, central-bank debt balance, current rate, and recommended corrective actions.;Gamifikácia kapitalizácie a likvidity banky: banky teraz vyžadujú základný kapitálový vklad 10 000 000 $ na aktiváciu, núdzové financovanie centrálnou bankou sa automaticky vydáva keď banka nemôže plniť záväzky (sledované ako CentralBankDebt na budove), variabilný úrok centrálnej banky (2–5 % ročne podľa počtu pôžičkových bánk) sa účtuje každý tik, prebytočná hotovosť automaticky spláca dlh a panel riadenia banky teraz zobrazuje panel zdravia likvidity so stavom rezerv (ZDRAVÁ/POD TLAKOM/KRITICKÁ), nedostatkom rezervy, zostatkom dlhu centrálnej banky, aktuálnou sadzbou a odporúčanými nápravnými opatreniami.;Bankkapitalisierung und Liquiditätsdruck-Gameplay geliefert: Banken benötigen jetzt eine Basiskapi­taleinlage von 10.000.000 $ zur Aktivierung, Zentralbank-Notfallfinanzierung wird automatisch ausgestellt wenn eine Bank ihre Verpflichtungen nicht erfüllen kann (als CentralBankDebt am Gebäude verfolgt), variabler Zentralbankzins (2–5 % p.a. je nach Anzahl der Kreditbanken) wird jeden Tick berechnet, Überschuss-Bargeld tilgt die Schulden automatisch, und das Owner-Bank-Dashboard zeigt jetzt ein Liquiditäts-Gesundheitspanel mit Reservestatus (GESUND/UNTER DRUCK/KRITISCH), Reservefehlbetrag, Zentralbankverschuldung, aktuellem Zinssatz und empfohlenen Korrekturmaßnahmen.
c97b3b36-96bf-4083-8f7d-490ad53888b8;2026-04-16T12:49:00Z;Banking marketplace and bank detail workflows delivered: the Loan Offers page now lists all banks with sortable deposit and lending rates plus available lending capacity; third-party bank detail shows deposit and loan-request workflows with rate and repayment context; bank owners see a full management dashboard with offer publishing, issued loans, and depositor tables; ownership is detected automatically so the right view is always shown.;Trh bankovníctva a pracovné postupy detailu banky: stránka Ponuky pôžičiek teraz zobrazuje všetky banky s triediteľnými sadzbami vkladov a pôžičiek a dostupnou kapacitou poskytovania; detail tretej strany zobrazuje pracovné postupy pre vklady a žiadosti o pôžičku s kontextom sadzieb a splátok; majitelia banky vidia úplný riadiaci panel s publikovaním ponúk, vydanými pôžičkami a tabuľkami vkladateľov; vlastníctvo sa automaticky detekuje, takže je vždy zobrazený správny pohľad.;Banking-Marktplatz und Bank-Detail-Workflows geliefert: Die Seite Kreditangebote listet jetzt alle Banken mit sortierbaren Einlagen- und Kreditzinsen sowie verfügbarer Kreditkapazität auf; die Drittanbieter-Bankdetailseite zeigt Einlagen- und Kreditanfrage-Workflows mit Zins- und Rückzahlungskontext; Bankeigentümer sehen ein vollständiges Management-Dashboard mit Angebotspublikation, ausgegebenen Krediten und Einlegertabellen; Eigentümerschaft wird automatisch erkannt, sodass immer die richtige Ansicht angezeigt wird.
d6cd0aa9-e496-42fe-bd5a-b21f91540159;2026-04-16T11:46:00Z;Unit upgrades can now be planned in bulk: use the new Stage Upgrade button in the edit panel to queue level upgrades for multiple units, then confirm them all at once with the Store Upgrade button. The upgrade panel also shows a clear storage-capacity before/after comparison so you can see exactly how much inventory buffer each upgrade unlocks.;Vylepšenia jednotiek možno teraz plánovať hromadne: pomocou nového tlačidla Zaradiť do fronty v editačnom paneli môžete zaradiť vylepšenia úrovní pre viacero jednotiek a potom ich všetky potvrdiť naraz tlačidlom Uložiť zmeny. Panel vylepšení taktiež zobrazuje prehľadné porovnanie kapacity úložiska pred a po vylepšení, aby ste presne videli, koľko inventárnej vyrovnávacej pamäte každé vylepšenie odomkne.;Einheit-Upgrades können jetzt im Bulk geplant werden: Verwenden Sie die neue Schaltfläche Upgrade vormerken im Bearbeitungspanel, um Niveau-Upgrades für mehrere Einheiten in die Warteschlange zu stellen, und bestätigen Sie alle auf einmal mit der Schaltfläche Upgrade speichern. Das Upgrade-Panel zeigt auch einen klaren Lagerkapazitäts-Vorher-Nachher-Vergleich, sodass Sie genau sehen, wie viel Inventarpuffer jedes Upgrade freischaltet.
c23b59c7-1dd9-406c-968d-32e85831f097;2026-04-16T10:44:00Z;Unit grid tiles now display storage capacity visually: each occupied cell shows a color-coded capacity bar (blue=low, amber=high), a green animated inflow segment for goods received last tick, a distinct emerald swept animation for Public Sales sold goods, amber for generic outflow, and micro-labels (↑N ↓N) showing exact inflow/outflow quantities at a glance. Hover over the bar to see the full tooltip with quantity, capacity, and last-tick flow values.;Dlaždice mriežky jednotiek teraz vizuálne zobrazujú skladovaciu kapacitu: každá obsadená bunka zobrazuje farebne kódovaný pruh kapacity (modrá=nízka, jantárová=vysoká), zelený animovaný segment prílevu pre tovar prijatý v poslednom kole, výraznú smaragdovú animáciu pre predaný tovar v jednotkách Verejného predaja, jantárovú pre všeobecný odlev a mikropopisky (↑N ↓N) zobrazujúce presné množstvá na prvý pohľad. Pri umiestnení kurzora na pruh sa zobrazí celý tooltip s množstvom, kapacitou a hodnotami tokov.;Die Einheiten-Raster-Kacheln zeigen jetzt die Lagerkapazität visuell an: Jede besetzte Zelle zeigt einen farbcodierten Kapazitätsbalken (blau=niedrig, bernstein=hoch), ein grünes animiertes Zuflusssegment für im letzten Tick erhaltene Waren, eine markante smaragdgrüne Animation für Public-Sales-Verkäufe, bernstein für allgemeinen Abfluss und Mikrobeschriftungen (↑N ↓N) für einen sofortigen Überblick über genaue Zu-/Abflussmengen. Fahren Sie mit der Maus über den Balken für den vollständigen Tooltip mit Menge, Kapazität und letzten Tick-Flusswerten.
f7a2c891-4e5d-4b8e-9c3f-2d1a8e6b7c05;2026-04-16T06:00:00Z;R&D brand-quality research now supports direct industry-category selection: when the scope is set to Category, players choose the specific industry (Furniture, Food Processing, Healthcare, Electronics, Construction) to improve, instead of having to select a product as a proxy. Research progress panel shows a 'pending activation' message when units are configured but no ticks have run yet.;Výskum kvality značky v R&D teraz podporuje priamy výber odvetvia: keď je nastavený rozsah na Kategóriu, hráči si vyberú konkrétne odvetvie (Nábytok, Potravinárstvo, Zdravotníctvo, Elektronika, Stavebníctvo) na zlepšenie, namiesto výberu produktu ako náhrady. Panel pokroku výskumu zobrazuje správu 'čaká na aktiváciu' keď sú jednotky nakonfigurované, ale ešte neprešli žiadne tiky.;Die R&D-Markenqualitätsforschung unterstützt jetzt die direkte Branchenkategorie-Auswahl: Wenn der Gültigkeitsbereich auf Kategorie eingestellt ist, wählen Spieler die spezifische Branche (Möbel, Lebensmittelverarbeitung, Gesundheitswesen, Elektronik, Bauwesen) aus, anstatt ein Produkt als Ersatz auswählen zu müssen. Das Forschungsfortschritts-Panel zeigt eine 'ausstehende Aktivierung' Nachricht wenn Einheiten konfiguriert sind aber noch keine Ticks gelaufen sind.
b9eabf38-3c61-4186-9c7f-3e9a6bdac3ac;2026-04-15T16:45:00Z;The stock trading panel now aligns the share-count input and the Buy/Sell action buttons on the same row using a CSS grid layout, creating a professional and polished order-entry surface that looks consistent across all screen sizes.;Panel obchodovania s akciami teraz zarovnáva vstupné pole počtu akcií a tlačidlá Kúpiť/Predať na rovnakom riadku pomocou CSS grid rozloženia, čím vytvára profesionálne a vytúžené rozhranie pre zadávanie príkazov, ktoré vyzerá konzistentne na všetkých veľkostiach obrazoviek.;Das Aktienhandels-Panel richtet jetzt das Eingabefeld für die Stückzahl und die Kaufen/Verkaufen-Buttons in derselben Reihe mithilfe eines CSS-Grid-Layouts aus, wodurch eine professionelle und elegante Auftragserfassungsoberfläche entsteht, die auf allen Bildschirmgrößen konsistent aussieht.
f97dc74d-c76a-44a8-bedb-8dc55cd28082;2026-04-15T10:46:30Z;The Loan Marketplace now guides you to become a lender with contextual action buttons: if you do not own a bank yet you will see an Acquire a Bank button that takes you to the building purchase flow; if you already own a bank a Manage My Bank button takes you directly to your bank configuration page where you can publish loan offers.;Trh poziciek vas teraz vedie k tomu aby ste sa stali veritelom s kontextovymi tlacidlami akcii: ak este nevlastnite banku uvidite tlacidlo Zaobstarat banku veduceho do nakupneho toku budov; ak banku vlastnite tlacidlo Spravovat moju banku vas priamo presmeruje na stranku konfifuracie banky kde mozete zverejnovat ponuky poziciek.;Der Kreditmarktplatz fuehrt Sie jetzt mit kontextsensitiven Aktionsschaltflaechen zur Kreditgeberrolle: Wenn Sie noch keine Bank besitzen sehen Sie eine Schaltflaeche Bank erwerben die Sie zum Gebaeudekaufprozess fuehrt; wenn Sie bereits eine Bank besitzen bringt Sie die Schaltflaeche Meine Bank verwalten direkt zu Ihrer Bankkonfigurationsseite wo Sie Kreditangebote veroeffntlichen koennen.
f3a7c291-8b4d-4e2a-9c16-d0e5f87b3a12;2026-04-15T06:43:00Z;Unit upgrades are now only accessible in building edit mode. You can schedule two unit upgrades simultaneously in the same building, and before confirming you'll see a full before/after preview of all stat changes including throughput, labor cost, energy cost, and upgrade duration — so you know exactly what you're getting before committing.;Vylepšenia jednotiek sú teraz dostupné iba v režime úpravy budovy. Môžete naplánovať dve vylepšenia jednotiek súčasne v tej istej budove a pred potvrdením uvidíte úplný náhľad zmien vrátane priepustnosti, nákladov na prácu, energie a trvania vylepšenia — aby ste presne vedeli, čo dostanete.;Einheit-Upgrades sind jetzt nur im Gebäude-Bearbeitungsmodus zugänglich. Sie können zwei Einheit-Upgrades gleichzeitig in demselben Gebäude planen, und vor der Bestätigung sehen Sie eine vollständige Vorher-Nachher-Vorschau aller Statistikänderungen einschließlich Durchsatz, Lohnkosten, Energiekosten und Upgrade-Dauer — damit Sie genau wissen, was Sie bekommen.
b71f45cb-e6cb-4aa0-8589-340822ab852e;2026-04-15T02:43:00Z;R&D now uses a cumulative research budget model: each tick your Product Quality unit invests a fraction of its operating costs into an accumulated research budget per product, which decays 0.1% per tick. Your product quality is determined relative to the strongest competitor investing in the same product — sustain your investment to dominate, or watch a rival erode your quality lead. Higher-level units convert more of their costs into research.;V&V teraz používa model kumulatívneho výskumného rozpočtu: každý tik vaša jednotka Kvality produktu investuje časť prevádzkových nákladov do akumulovaného výskumného rozpočtu pre produkt, ktorý klesá o 0,1 % za tik. Vaša kvalita produktu sa určuje relatívne k najsilnejšiemu konkurentovi investujúcemu do rovnakého produktu — udržujte investície, aby ste si udržali vedúce postavenie.;F&E nutzt jetzt ein kumulatives Forschungsbudget-Modell: Jeden Takt investiert Ihre Produktqualitätseinheit einen Teil der Betriebskosten in ein akkumuliertes Forschungsbudget pro Produkt, das um 0,1 % pro Takt verfällt. Ihre Produktqualität richtet sich nach dem stärksten Mitbewerber, der in dasselbe Produkt investiert — halten Sie Ihre Investitionen aufrecht, um die Qualitätsführerschaft zu behaupten.
6465490e-5971-4bbc-8880-11e6f14fa3bd;2026-04-14T23:45:00Z;The R&D product picker now surfaces products your company already manufactures, sells, or stocks at the top of the list under a dedicated "Used by your company" section, so you can focus research on your active production lines without scrolling through the full catalog.;Výber produktu v V&V teraz zobrazuje produkty, ktoré vaša spoločnosť vyrába, predáva alebo má na sklade, na vrchu zoznamu v sekcii "Používané vašou spoločnosťou", takže môžete sústrediť výskum na aktívne výrobné linky bez zbytočného posúvania.;Die Produktauswahl im F&E-Bereich zeigt jetzt Produkte, die Ihr Unternehmen herstellt, verkauft oder lagert, ganz oben unter einem eigenen Abschnitt "Von Ihrem Unternehmen genutzt" an, damit Sie die Forschung auf Ihre aktiven Produktionslinien konzentrieren können, ohne durch den gesamten Katalog scrollen zu müssen.
a3f1c2e4-d5b6-7890-abcd-ef1234567890;2026-04-14T22:19:00Z;The building-editor unit grid now shows inbound and outbound movement indicators directly on each unit's capacity bar — a green pulsing segment shows how much stock arrived last tick, and an amber segment shows how much left, so you can diagnose whether a unit is filling, draining, or stalled at a glance.;Mriežka jednotiek v editore budov teraz zobrazuje ukazovatele prílevu a odtoku priamo na kapacitnom pruhu každej jednotky — zelený pulzujúci segment ukazuje, koľko zásob prišlo v poslednom kole, a jantárový segment zobrazuje koľko odišlo, takže môžete na prvý pohľad diagnostikovať, či sa jednotka plní, vyprázdňuje alebo stojí.;Das Einheitengitter im Gebäudeeditor zeigt jetzt Zu- und Abflussanzeigen direkt auf dem Kapazitätsbalken jeder Einheit — ein grünes pulsierendes Segment zeigt, wie viel Lagerbestand im letzten Tick eingetroffen ist, und ein bernsteinfarbenes Segment zeigt, wie viel abgegangen ist, sodass Sie auf einen Blick erkennen können, ob sich eine Einheit füllt, leert oder stillsteht.
46f6bc7f-c170-44e7-ab4d-429f8cd669e7;2026-04-14T21:44:00Z;Diagonal unit links in the building editor now have a full-size click target — when only one diagonal is possible in a connector square, clicking anywhere on the visible line (not just the previous half) reliably toggles the link direction.;Diagonálne prepojenia jednotiek v editore budov teraz majú plnohodnotný klikateľný cieľ — keď je v štvorci konektora možná iba jedna uhlopriečka, kliknutie kdekoľvek na viditeľnú čiaru (nielen na predchádzajúcu polovicu) spoľahlivo prepne smer prepojenia.;Diagonale Einheitenverbindungen im Gebäudeeditor haben jetzt einen vollständigen Klickbereich — wenn in einem Verbinderquadrat nur eine Diagonale möglich ist, schaltet ein Klick irgendwo auf die sichtbare Linie (nicht nur auf die bisherige Hälfte) die Verbindungsrichtung zuverlässig um.
d70a8d80-3813-412f-82cf-eadc1143b87c;2026-04-14T20:44:00Z;The Founder view on the Dashboard now has a dedicated navigation menu with three tabs — Overview, Create company, and Ledger — making it easy to manage your personal account, start new companies, and access your personal ledger from one place.;Pohľad zakladateľa v Prehľade teraz obsahuje vlastné navigačné menu s tromi záložkami — Prehľad, Založiť firmu a Účtovná kniha — čo uľahčuje správu osobného účtu, zakladanie nových firiem a prístup k osobnej účtovnej knihe na jednom mieste.;Die Gründeransicht im Dashboard hat jetzt ein eigenes Navigationsmenü mit drei Registerkarten — Übersicht, Unternehmen gründen und Hauptbuch — damit Sie Ihr persönliches Konto, neue Firmengründungen und Ihr persönliches Hauptbuch bequem an einem Ort verwalten können.
6eb4b3e6-98ca-498e-ade1-71160de0b77a;2026-04-14T18:51:00Z;Personal account ledger is now available — navigate from the header or Stock Exchange to see your net wealth, available cash, tax reserve block, portfolio value, full trade history with BUY/SELL badges, dividend income, and a tax history showing the 15% capital-gains reserve per sale.;Osobná účtovná kniha je teraz k dispozícii — prejdite z hlavičky alebo Burzy cenných papierov a zobrazte si čisté bohatstvo, dostupnú hotovosť, blokovanie daňovej rezervy, hodnotu portfólia, úplnú históriu obchodov s odznakmi KÚPA/PREDAJ, príjmy z dividend a daňovú históriu zobrazujúcu 15% rezervu na kapitálové zisky za každý predaj.;Das persönliche Kontobuch ist jetzt verfügbar — navigieren Sie vom Header oder der Börse, um Ihr Nettovermögen, verfügbares Bargeld, Steuerrücklagenblock, Portfoliowert, vollständige Handelshistorie mit KAUF/VERKAUF-Abzeichen, Dividendeneinkommen und eine Steuerhistorie mit der 15% Kapitalertragsteuer-Reserve pro Verkauf einzusehen.
d5c344f9-1070-4611-9154-110a9e6f3fc2;2026-04-14T13:45:00Z;Game UI now shows readable in-game dates instead of raw tick numbers on building timelines, market intelligence panels, resource history, and recent activity — tick numbers are still available as tooltips for advanced players.;Herné rozhranie teraz zobrazuje čitateľné herné dátumy namiesto surových čísel tickov v prehľadoch budov, paneloch trhových informácií, histórii zdrojov a nedávnych udalostiach — čísla tickov sú stále dostupné ako popisky pre pokročilých hráčov.;Die Spieloberfläche zeigt jetzt lesbare In-Game-Daten statt roher Tick-Nummern in Gebäude-Zeitachsen, Marktinformationspanels, Ressourcenhistorie und letzten Ereignissen — Tick-Nummern sind weiterhin als Tooltips für erfahrene Spieler verfügbar.
135ad0d5-afb0-49ea-9927-9fa92d19ed9c;2026-04-14T09:45:00Z;Chat is now a first-class feature in the top navigation — click the chat icon to open a persistent side panel on desktop or a full-screen chat on mobile, with an unread-message badge so you never miss a message.;Chat je teraz prvotriednou funkciou v hornej navigácii — kliknutím na ikonu chatu otvoríte trvalý bočný panel na ploche alebo celostránkový chat na mobile, s odznakom neprečítaných správ.;Der Chat ist jetzt eine erstklassige Funktion in der oberen Navigation — klicken Sie auf das Chat-Symbol, um ein dauerhaftes Seitenpanel auf dem Desktop oder einen Vollbild-Chat auf Mobilgeräten zu öffnen, mit einem Badge für ungelesene Nachrichten.
d86010c9-dd00-46da-97da-c9fa188f7200;2026-04-14T08:00:00Z;Building cards on the dashboard now show a compact revenue, costs, and profit strip below the building name — instantly see each site's financial health without clicking in.;Karty budov na dashboarde teraz zobrazujú kompaktný prehľad príjmov, nákladov a zisku pod názvom budovy — okamžite vidíte finančný stav každej prevádzky bez klikania.;Gebäudekarten im Dashboard zeigen jetzt einen kompakten Streifen mit Umsatz, Kosten und Gewinn unterhalb des Gebäudenamens — der finanzielle Zustand jeder Anlage ist auf einen Blick sichtbar.
5163c326-47e0-4f66-b9a0-6aca59c24d24;2026-04-14T04:50:00Z;Warehouse (Storage) units are now universal buffers — no product selection is required to start routing goods through a storage node, reducing friction for new and experienced players alike.;Skladové (Storage) jednotky sú teraz univerzálne zásobníky — na smerovanie tovaru cez skladový uzol už nie je potrebný výber produktu, čo znižuje zbytočné kroky pre nových aj skúsených hráčov.;Lager-(Storage-)Einheiten sind jetzt universelle Puffer — es ist keine Produktauswahl mehr erforderlich, um Waren durch einen Lagerknoten zu leiten, was den Einstieg für neue und erfahrene Spieler gleichermaßen erleichtert.
0fd592ab-debb-4fd3-bb47-676732df1eb1;2026-04-14T02:45:00Z;Diagonal unit links in the building grid now render as clean SVG connectors — single crisp lines with directional arrowheads replace the old overlapping pill-shapes that showed duplicate strokes and multiple rounded endpoints.;Diagonálne prepojenia jednotiek v mriežke budovy sa teraz zobrazujú ako čisté SVG konektory — jednoduché ostré čiary so smerovými šípkami nahradili staré prekrývajúce sa tvary, ktoré zobrazovali zdvojené ťahy a viaceré zaoblené koncové body.;Diagonale Einheitsverbindungen im Gebäuderaster werden jetzt als saubere SVG-Konnektoren gerendert — einzelne klare Linien mit Richtungspfeilen ersetzen die alten überlappenden Pillenformen, die doppelte Striche und mehrere runde Endpunkte zeigten.
648b6ca1-3c6d-4289-b9eb-518f964b05b5;2026-04-13T20:37:00Z;Dashboard redesigned with four-tab navigation (Overview, Buildings, Activity, Chat) — reach your buildings, financials, upgrades, and chat with far less scrolling.;Dashboard bol prepracovaný so štvorpanelovou navigáciou (Prehľad, Budovy, Aktivita, Chat) — dostanete sa k budovám, financiám, plánovaným aktualizáciám a chatu s oveľa menším rolovaním.;Dashboard wurde mit einer vierreiterigen Navigation (Übersicht, Gebäude, Aktivität, Chat) umgestaltet — Sie erreichen Gebäude, Finanzen, geplante Upgrades und Chat mit deutlich weniger Scrollen.
be43adb3-e5a5-4822-8c7c-c44c70eefed9;2026-04-13T18:44:00Z;The Sales Loop Status and Production Chain guidance panels now have a Dismiss button — closing a panel hides it for that building until the chain breaks and requires player attention again.;Panely Stav predajného cyklu a Výrobný reťazec majú teraz tlačidlo Zavrieť — zatvorením panela sa skryje pre danú budovu, kým reťazec nezaznamená chybu vyžadujúcu pozornosť hráča.;Die Panels Verkaufskreislauf-Status und Produktionskette haben jetzt eine Schließen-Schaltfläche — das Schließen blendet das Panel für dieses Gebäude aus, bis die Kette einen Fehler aufweist, der die Aufmerksamkeit des Spielers erfordert.
f0f05540-d25c-4f18-b1ed-3f61b587b0bb;2026-04-13T18:06:55Z;Stock Exchange trading now keeps the active account selector visible in the top navbar and groups share quantity with clearer buy/sell actions for faster, safer trading.;Obchodovanie na Burze akcií teraz ponecháva aktívny prepínač účtu viditeľný v hornej navigácii a zoskupuje počet akcií s prehľadnejšími tlačidlami kúpiť/predať pre rýchlejšie a bezpečnejšie obchodovanie.;Der Aktienhandel zeigt den aktiven Kontowähler jetzt dauerhaft in der oberen Navigation an und gruppiert die Aktienanzahl mit klareren Kaufen/Verkaufen-Aktionen für schnelleres und sichereres Handeln.
a6d70b27-6b8b-4c56-be0b-73dbca529c77;2026-04-13T10:00:00Z;Dashboard and ledger screens load faster — repeated navigation between panels no longer reloads the same data from the database. City lists and resource catalogs are cached server-side, ledger history for completed game years is served from memory, and the database now has an optimised index for category drill-down queries;Obrazovky palubnej dosky a účtovnej knihy sa načítavajú rýchlejšie — opakovaná navigácia medzi panelmi už nenačítava rovnaké dáta z databázy. Zoznamy miest a katalógy zdrojov sú uložené v pamäti servera, história účtovnej knihy za ukončené herné roky je obsluhovaná z pamäte a databáza má teraz optimalizovaný index pre kategorizované dotazy;Dashboard- und Hauptbuch-Bildschirme laden schneller — wiederholte Navigation zwischen Panels lädt nicht mehr dieselben Daten aus der Datenbank. Stadtlisten und Ressourcenkataloge werden server-seitig zwischengespeichert, die Hauptbuchhistorie für abgeschlossene Spieljahre wird aus dem Speicher bereitgestellt und die Datenbank hat nun einen optimierten Index für kategoriespezifische Detailabfragen
3f8c1a72-4b9e-4d6f-8c3a-1e5b2d7f9041;2026-04-13T08:44:38Z;Global Exchange offers now show a quality variability band (5%–20% range) so you can see whether a city delivers consistent high-quality materials or unpredictable lower-quality inputs — helping you make smarter sourcing decisions;Ponuky Globálnej burzy teraz zobrazujú pásmo variability kvality (5%–20% rozsah), takže vidíte, či mesto dodáva konzistentnú vysokú kvalitu alebo nepredvídateľné nižšie vstupy — pomáha vám robiť inteligentnejšie rozhodnutia o zdrojoch;Angebote der Globalen Börse zeigen jetzt ein Qualitätsvariabilitätsband (5%–20% Bereich), damit Sie sehen können, ob eine Stadt konsistent hochwertige Materialien oder unvorhersehbare Eingaben liefert — für klügere Beschaffungsentscheidungen
1529f596-19c9-446b-9a2f-73a71222b047;2026-04-13T05:43:50Z;Player-facing game UI now shows human-readable in-game dates and durations instead of raw tick counters — upgrade wait times, construction countdowns, income-tax schedules, and the leaderboard clock all display game time while raw ticks remain available in tooltips for debugging;Herné rozhranie teraz zobrazuje ľudsky čitateľné herné dátumy a trvanie namiesto surových čísel tickov — čakacie doby na upgrade, odpočítavania výstavby, harmonogram dane z príjmu a hodiny na rebríčku zobrazujú herný čas, zatiaľ čo surové ticky zostávajú dostupné v tipoch pre ladenie;Das spielerseitige UI zeigt nun lesbare Spiel-Datum- und -Dauerangaben statt roher Tick-Zähler — Upgrade-Wartezeiten, Bauzeitkoten, Einkommensteuer-Zeitpläne und die Ranglisten-Uhr zeigen Spielzeit, während rohe Ticks in Tooltips für Debugging verfügbar bleiben
20f78a21-0685-4f0a-993f-dd730482ee61;2026-04-13T06:43:52Z;B2B Sales units now show a prominent warning when no upstream source is configured, and clearly name the Manufacturing or Mining unit that the default price was derived from so players always know what to do next;B2B predajné jednotky teraz zobrazujú výrazné upozornenie, keď nie je nakonfigurovaný žiadny zdrojový uzol, a jasne uvádzajú výrobnú alebo ťažobnú jednotku, z ktorej bola odvodená predvolená cena, aby hráči vždy vedeli, čo urobiť ďalej;B2B-Verkaufseinheiten zeigen jetzt eine prominente Warnung, wenn keine Upstream-Quelle konfiguriert ist, und benennen klar die Fertigungs- oder Abbaueinheit, von der der Standardpreis abgeleitet wurde, damit Spieler immer wissen, was als nächstes zu tun ist
b8f3c2e1-5d7a-4e9b-a6c0-1f2d8e4b7c3a;2026-04-13T01:44:42Z;Units under upgrade are now offline — they do not purchase, produce, move inventory, or sell while the upgrade is in progress, and the building grid shows an upgrade badge with a downtime notice;Jednotky počas vylepšenia sú teraz offline — nekupujú, nevyrábajú, nepresúvajú zásoby ani nepredávajú počas vylepšenia, a mriežka budovy zobrazuje odznak s upozornením na výpadok;Einheiten im Upgrade sind jetzt offline — sie kaufen, produzieren, verschieben Inventar oder verkaufen nicht während des Upgrades; das Gebäude-Raster zeigt ein Upgrade-Abzeichen mit einem Ausfall-Hinweis
f4b92e1d-7a03-4c8b-b5d2-9e1c6a3f0d87;2026-04-12T23:45:00Z;Storage units now hold 10× the capacity of purchase and sales units, making dedicated storage a meaningful logistics choice in factory and mine layouts;Skladové jednotky teraz pojmú 10× viac ako nákupné a predajné jednotky, čo robí dedikované sklady zmysluplnou logistickou voľbou v rozložení továrne a bane;Lagereinheiten fassen jetzt das 10-fache der Kapazität von Kauf- und Verkaufseinheiten, was dedizierte Lager zu einer sinnvollen Logistikentscheidung im Fabrik- und Bergwerks-Layout macht
c7e2a94b-3f8d-4b1a-91e2-d05f63b47ab2;2026-04-12T22:17:29Z;B2B sales units now auto-fill a competitive default price from the linked product or resource when placed in a factory or mine;B2B predajné jednotky teraz automaticky vypĺňajú konkurenčnú predvolenú cenu z prepojeného produktu alebo suroviny pri umiestnení v továrni alebo bani;B2B-Verkaufseinheiten füllen jetzt beim Platzieren in einer Fabrik oder Mine automatisch einen wettbewerbsfähigen Standardpreis aus dem verknüpften Produkt oder der Ressource ein
a3d807fa-cdd9-4977-ae3a-7e922e9b0755;2026-04-12T19:50:00Z;Manufacturing output product selector now shows product images for easier identification;Selektor výstupného produktu výroby teraz zobrazuje obrázky produktov pre ľahšiu identifikáciu;Der Ausgabeprodukt-Selektor der Fertigung zeigt jetzt Produktbilder zur einfacheren Identifikation
4f31a5d8-4fdf-4d98-9f35-3d8d4f4e5c10;2026-04-10T08:01:02Z;Game administration and newsroom launched;Správa hry a newsroom sú spustené;Spieladministration und Newsroom gestartet
1a6641d2-4e89-4087-81c5-bbcd0f45ca31;2026-04-12T18:45:00Z;Building unit directional links fully implemented with diagonal support and visible direction arrows;Smerové prepojenia stavebných jednotiek sú plne implementované vrátane uhlopriečnych prepojení a viditeľných šípok;Direktionale Gebäudeeinheitsverknüpfungen vollständig implementiert mit Diagonalunterstützung und sichtbaren Richtungspfeilen
b8e2f1c3-5a7d-4e9b-8c6f-2d1a3b0e4f5c;2026-04-12T21:00:00Z;Newspaper and changelog data flow restored — all CHANGELOG entries seeded to MasterApi and error handling improved;Tok dát novín a changelogu obnovený — všetky záznamy CHANGELOG sú nahrané do MasterApi a spracovanie chýb je vylepšené;Datenfluss für Zeitung und Changelog wiederhergestellt — alle CHANGELOG-Einträge in MasterApi eingepflegt und Fehlerbehandlung verbessert
c9d3f2a4-6b8e-4f1c-9d7a-3e2b1f5a0c4d;2026-04-13T22:00:00Z;Stock-sale tax holdback implemented — 15% of personal stock-sale proceeds reserved for taxes, personal ledger launched with wealth breakdown and trade/tax history;Daňová rezerva z predaja akcií implementovaná — 15% príjmov z predaja akcií na osobnom účte je rezervovaných na dane, osobné knihy spustené s prehľadom bohatstva a históriou obchodov a daní;Steuerrücklage bei Aktienverkauf implementiert — 15% der Erlöse aus persönlichen Aktienverkäufen werden für Steuern reserviert, persönliches Hauptbuch mit Vermögensübersicht und Handels-/Steuerhistorie eingeführt
d1e4f3b5-7c9a-4d2e-8b6f-4a5c0e1f2g3h;2026-04-14T01:00:00Z;Personal stock-sale tax reserve now settles at year-end — blocked cash is permanently deducted and reserve is cleared, preventing permanent liquidity lock;Daňová rezerva z predaja akcií sa teraz vyrovná na konci roka — zablokované prostriedky sú trvalo odpočítané a rezerva vymazaná, čím sa zabraňuje trvalému zablokovaniu likvidity;Steuerrücklage aus persönlichem Aktienverkauf wird nun am Jahresende verrechnet — gesperrte Mittel werden dauerhaft abgezogen und die Reserve gelöscht, um dauerhafte Liquiditätssperrungen zu verhindern
186d90ad-6a95-4e3e-9b01-25caeb9d327b;2026-04-18T02:00:00Z;Restart-aware changelog import delivered: CHANGELOG.csv is now automatically imported into MasterApi on every server startup with duplicate prevention by GUID; the News page shows a NEW badge on entries players have not yet seen, making product updates instantly discoverable after every release.;Import changelogu po reštarte servera je teraz aktívny: CHANGELOG.csv sa automaticky importuje do MasterApi pri každom štarte servera s prevenciou duplicít podľa GUID; stránka Správ zobrazuje odznak NOVÉ na položkách, ktoré hráč ešte nevidel, čím sú produktové novinky okamžite viditeľné po každom vydaní.;Neustart-bewusster Changelog-Import implementiert: CHANGELOG.csv wird nun bei jedem Serverstart automatisch in MasterApi importiert mit Duplikatprävention per GUID; die News-Seite zeigt ein NEU-Abzeichen auf Einträgen die der Spieler noch nicht gesehen hat wodurch Produktaktualisierungen nach jedem Release sofort sichtbar sind.
e260ff6c-e925-4033-b9fe-ca5ec07d5137;2026-04-20T17:36:00Z;Gold token admin panel launched — global administrators can now view all player gold balances, add or deduct tokenized gold, and review a full audit log of every balance change from the master frontend;Panel správy zlatých tokenov spustený — globálni administrátori môžu teraz vidieť zlaté zostatky všetkých hráčov, pridávať alebo odpočítavať tokenizované zlato a kontrolovať kompletný auditný záznam každej zmeny zostatku z hlavného frontendu;Gold-Token-Verwaltungspanel gestartet — globale Administratoren können jetzt alle Spieler-Goldsalden einsehen, tokenisiertes Gold hinzufügen oder abziehen und ein vollständiges Prüfprotokoll jeder Saldenänderung im Master-Frontend einsehen
55c854ea-05ca-4c71-9732-2f1f6dbbd35e;2026-04-25T08:12:07Z;Company treasury flows now settle through bank accounts for lending, deposits, stock trades, and building funding, with legacy cash kept only as a non-persisted compatibility alias while migration completes.;Toky firemnej pokladnice sa teraz vyrovnávajú cez bankové účty pre úvery, vklady, obchody s akciami a financovanie budov, pričom stará hotovosť zostáva len ako neperzistentný kompatibilný alias počas dokončenia migrácie.;Unternehmenskassenflüsse werden jetzt für Kredite, Einlagen, Aktiengeschäfte und Gebäude-Finanzierung über Bankkonten abgewickelt, wobei altes Bargeld nur noch als nicht persistenter Kompatibilitätsalias während des Migrationsabschlusses erhalten bleibt.
f2a9e3d1-5c8b-4e7f-9a1d-3b6c0f2e8d4a;2026-04-27T14:20:00Z;Opening company capital is now fully traceable in the bank statement: a FOUNDER_CONTRIBUTION entry records the government starter deposit (with FX conversion for non-EUR cities) and an IPO_RAISE entry records the public shareholder investment, both linked to the company's operating account.;Počiatočný kapitál spoločnosti je teraz plne sledovateľný vo výpise z účtu: záznam FOUNDER_CONTRIBUTION zaznamenáva vkladateľský príspevok zo štartovacieho vkladu vlády (s FX konverziou pre nemestá s EUR) a záznam IPO_RAISE zaznamenáva investíciu verejného akcionára, oba prepojené s prevádzkovým účtom spoločnosti.;Das Anfangskapital des Unternehmens ist jetzt im Kontoauszug vollständig nachvollziehbar: Ein FOUNDER_CONTRIBUTION-Eintrag erfasst den staatlichen Starteinzug (mit Devisenkurs-Umrechnung für Nicht-EUR-Städte) und ein IPO_RAISE-Eintrag erfasst die öffentliche Aktionärsinvestition, beide verknüpft mit dem Betriebskonto des Unternehmens.
5624d863-c7f3-4ad2-8e24-e2eae8b13027;2026-04-28T04:00:00Z;R&D research budgets are now calculated in USD: operating costs are converted from local city currency to USD before accumulation, so companies in Prague (CZK), Vienna (EUR), and future cities compete on an equal research footing — the R&D panel displays all budget amounts in USD;Výskumné rozpočty V&V sa teraz počítajú v USD: prevádzkové náklady sa pred akumuláciou konvertujú z miestnej meny na USD, takže spoločnosti v Prahe (CZK), Viedni (EUR) a budúcich mestách súťažia na rovnakej výskumnej úrovni — panel V&V zobrazuje všetky rozpočtové hodnoty v USD;F&E-Forschungsbudgets werden jetzt in USD berechnet: Betriebskosten werden vor der Akkumulation von der lokalen Stadtwährung in USD umgerechnet, sodass Unternehmen in Prag (CZK), Wien (EUR) und zukünftigen Städten auf gleicher Forschungsebene konkurrieren — das F&E-Panel zeigt alle Budgetwerte in USD an
a7f3c2e1-b8d4-4f5e-9c6d-0e1f2a3b4c5d;2026-04-28T06:00:00Z;Mining land purchase now shows raw material type, deposit quality, quantity, and a pricing breakdown in the buy-building flow — mine lots are priced $20M–$200M reflecting deposit richness. Placing a Mine on land without a resource deposit is blocked.;Kúpa banskej pôdy teraz zobrazuje typ suroviny, kvalitu ložiska, množstvo a rozpis ceny v postupe kúpy budovy — banské pozemky sú oceňované na 20M–200M dolárov podľa bohatosti ložiska. Umiestnenie bane na pôdu bez ložiska surovín je zablokované.;Der Kauf von Bergbauland zeigt jetzt den Rohstofftyp, Lagerstättenqualität, Menge und eine Preisaufschlüsselung im Gebäudekauf-Flow — Bergbaugrundstücke werden je nach Lagerstättenreichtum mit 20M–200M USD bewertet. Das Platzieren einer Mine auf Land ohne Lagerstätte wird blockiert.
a7c4b912-3e5f-48d9-b6e1-0f2a8d7c9e4b;2026-04-29T02:33:00Z;Players can now close a company bank account when its balance is exactly zero. The Loan Marketplace accounts tab shows a "Ready to close" badge, explains why an account is blocked (e.g. still assigned to a building), and gives a clear hint when funds must be transferred out first.;Hráči môžu teraz zrušiť firemný bankový účet, keď je jeho zostatok presne nula. Záložka účtov na Trhu pôžičiek zobrazuje odznak "Pripravený na zrušenie", vysvetľuje prečo je účet zablokovaný (napr. stále priradený k budove) a dáva jasný pokyn keď je potrebné najprv previesť prostriedky.;Spieler können jetzt ein Firmenkonto schließen, wenn sein Guthaben genau null ist. Die Konten-Registerkarte im Kreditmarkt zeigt einen "Bereit zur Schließung"-Badge, erklärt warum ein Konto gesperrt ist (z.B. noch einem Gebäude zugewiesen) und gibt einen klaren Hinweis, wenn Mittel zuerst übertragen werden müssen.
45d482b9-3fb4-4f4e-94e4-3c4ebb2e9f70;2026-04-29T04:24:52Z;Weekly and monthly city market reports are now automatically generated in the newsroom — each report ranks the top products by revenue with gross margin %, seller count, and average price, available in a dedicated Market Reports filter tab.;Týždenné a mesačné trhové správy pre mestá sa teraz automaticky generujú v novinách — každá správa zoraďuje produkty podľa tržieb s hrubou maržou, počtom predajcov a priemernou cenou, dostupné na záložke Trhové správy.;Wöchentliche und monatliche Stadtmarktberichte werden jetzt automatisch im Newsroom generiert — jeder Bericht rangiert die Top-Produkte nach Umsatz mit Bruttomarge, Verkäuferanzahl und Durchschnittspreis, verfügbar im Filter-Tab Marktberichte.
c7e14a53-8b9d-4f22-a7b8-2f1e9d6c0ab5;2026-04-29T06:00:00Z;Visual polish: Leaderboard, News feed, Company Settings, Personal Ledger, and Manufacturing Encyclopedia views migrated to Tailwind — cleaner spacing, consistent card styles, and improved readability across core gameplay surfaces.;Vizuálne vylepšenia: zobrazenia Rebríček, Spravodajstvo, Nastavenia spoločnosti, Osobná účtovná kniha a Encyklopédia výroby sú prevedené do Tailwind — čistejšie rozostupy, konzistentné štýly kariet a lepšia čitateľnosť naprieč hlavnými hernými povrchmi.;Visuell aufgewertet: Bestenliste, News-Feed, Unternehmenseinstellungen, Persönliches Hauptbuch und Fertigungsenzyklopädie wurden auf Tailwind migriert — sauberere Abstände, einheitliche Kartenstile und verbesserte Lesbarkeit auf den wichtigsten Spieloberflächen.
c1958390-c012-47ff-842e-f6b0c808f688;2026-04-29T08:00:00Z;R&D product selector upgraded: products your company is actively manufacturing now appear first with a green "Currently Producing" section and contextual hints, so you can immediately focus research on your live production lines without browsing the full catalog.;Výber produktu pre V&V bol vylepšený: produkty, ktoré vaša spoločnosť aktívne vyrába, sa teraz zobrazujú ako prvé so zelenou sekciou "Aktuálne vo výrobe" a kontextovými tipmi, aby ste mohli okamžite sústrediť výskum na aktívne výrobné linky.;F&E-Produktauswahl verbessert: Produkte, die Ihr Unternehmen aktiv herstellt, erscheinen jetzt zuerst mit einem grünen Abschnitt "Aktuell in Produktion" und kontextuellen Hinweisen, damit Sie die Forschung sofort auf Ihre laufenden Produktionslinien konzentrieren können.
9d17485d-26f7-4c4f-9a08-3828e6f9cd62;2026-04-29T21:31:01Z;Frontend template consolidation is now stable: key Vue views were restored with merged in-file templates, selector-compatible UI markers were normalized, and the full Chromium E2E suite now passes again.;Konsolidácia frontend šablón je teraz stabilná: kľúčové Vue view boli obnovené so zlúčenými šablónami priamo v súboroch, UI značky kompatibilné so selektormi boli normalizované a celý Chromium E2E balík teraz opäť prechádza.;Die Konsolidierung der Frontend-Templates ist jetzt stabil: zentrale Vue-Views wurden mit zusammengeführten In-File-Templates wiederhergestellt, selektor-kompatible UI-Markierungen wurden normalisiert, und die vollständige Chromium-E2E-Suite besteht wieder.
10022023-3a50-4817-912d-3cec5dc864a7;2026-04-30T23:59:46Z;Added evaluator health observability panel to the ranking admin dashboard with healthy/warning/critical status indicators and reward spike detection, plus comprehensive backend and E2E tests for moderation workflows and privacy controls.;Pridan panel zdravia evaluatora do administratorskeho panelu hodnotenia s indikatormi stavu zdravy/varovanie/kriticky a detekciou skokov odmien, plus komplexne backendove a E2E testy pre moderacne toky a kontroly sukromia.;Beobachtungs-Gesundheitsanzeige fuer den Evaluator zum Ranking-Admin-Dashboard hinzugefuegt mit Status-Indikatoren (gesund/Warnung/kritisch) und Erkennung von Belohnungsspitzen sowie umfassende Backend- und E2E-Tests fuer Moderations-Workflows und Datenschutzkontrollen.
7ccff4f8-e803-4345-8a30-8b9ad8bb9c81;2026-05-01T10:00:00Z;Stock exchange takeover, company merge, and share buyback mechanics are now fully implemented and regression-tested: claim control at 50% ownership, merge at 90%, and buyback reduces issued share count.;Mechanizmy prevzatia burzovych akcii, zlucenia spolocnosti a spatneho odkupu akcii su teraz plne implementovane a otestovane: prevzatie kontroly pri 50% vlastnictve, zlucenie pri 90% a spatny odkup znizuje pocet vydanych akcii.;Boersenuebernahme, Unternehmenszusammenschluss und Aktienrueckkauf-Mechanismen sind jetzt vollstaendig implementiert und regressionsgeprueft: Kontrolluebernahme bei 50% Eigentumsanteil, Zusammenschluss bei 90% und Rueckkauf reduziert die ausgegebene Aktienanzahl.
e6016c89-aa12-4806-8ca2-1d9f272fafd0;2026-05-01T20:01:24Z;Supply chain visualization added: interactive flow diagram tab on factory buildings and live health score badge (green/yellow/red) on dashboard company cards.;Vizualizácia dodávateľského reťazca: interaktívny diagram v záložke továrne a farebný ukazovateľ stavu (zelená/žltá/červená) na karte firmy v dashboarde.;Lieferketten-Visualisierung: interaktives Flussdiagramm auf Fabrik-Detailansicht und farbiger Gesundheits-Badge (grün/gelb/rot) auf der Unternehmenskarte im Dashboard.
7f3badab-4b75-4e40-8df0-da2fb66830b8;2026-05-03T14:27:47Z;Added secure dual authentication support with Biatec OIDC redirect sign-in (/auth/callback) alongside existing email/password login, with backend validation for issuer, audience, token lifetime, and signature.;Pridana bezpecna podpora dualnej autentifikacie: Biatec OIDC prihlasenie cez redirect (/auth/callback) popri existujucom email/heslo logine, s backend validaciou issuer, audience, expiracie tokenu a podpisu.;Sichere Dual-Authentifizierung hinzugefuegt: Biatec-OIDC-Redirect-Login (/auth/callback) neben bestehendem E-Mail/Passwort-Login, mit Backend-Validierung von Issuer, Audience, Token-Laufzeit und Signatur.
fa5ce1a7-cb25-476b-a916-1283bd548a86;2026-05-04T01:00:00Z;Three new Pro-exclusive starter industries added: Pharmaceuticals (Gold-driven, Aspirin/Vitamin Capsule/Antibiotic), Energy (Coal-driven, Coal Briquette/Heating Oil/Industrial Fuel), and Logistics (Cotton-driven, Shipping Bag/Storage Sack/Cargo Pack) — each with 8-11 products and full onboarding flow.;Pridane tri nove Pro-exkluzivne zakladajuce priemysly: Farmacea (zo zlata: Aspirín/Vitamín/Antibiotikum), Energia (z uhlia: Uhlíkový briket/Vykurovací olej/Priemyselné palivo) a Logistika (z bavlny: Prepravná taška/Skladové vrece/Nákladný balík) — každý s 8-11 produktmi a plnym priebehom onboardingu.;Drei neue Pro-exklusive Startbranchen hinzugefuegt: Pharma (Gold-basiert, Aspirin/Vitaminkapsel/Antibiotikum), Energie (Kohle-basiert, Kohlebrikett/Heizoel/Industriekraftstoff) und Logistik (Baumwolle-basiert, Versandtasche/Lagersack/Frachtpaket) — jede mit 8-11 Produkten und vollem Onboarding-Ablauf.
26927644-775e-4dd2-88b7-4170c01a723e;2026-05-04T02:40:00Z;Building secondary market launched: list any building for sale, receive and manage offers from other players, and transfer ownership atomically with full ledger audit trail.;Spusteny sekundarny trh budov: ponuknite lubovolnu budovu na predaj, prijimajte a spravujte ponuky od inych hracov a prevedte vlastnictvo atomicky s uplnym auditnym zaznamom.;Sekundärmarkt für Gebäude gestartet: beliebiges Gebäude zum Verkauf anbieten, Angebote anderer Spieler empfangen und verwalten und Eigentumsübergang atomar mit vollständigem Prüfspur-Ledger durchführen.
b1000cfd-ffc3-4a4a-8440-7659dacf3d25;2026-05-04T09:31:00Z;Mine depletion lifecycle: deposit progress bar with green/yellow/red states in mining unit detail panel, depletion risk badge on dashboard cards below 20% threshold, and automatic annual replenishment of 20-30% of depleted mine lots each game year.;Životný cyklus vyčerpania bane: progress bar vkladu so zelenou/žltou/červenou v paneli ťažobnej jednotky, odznak rizika vyčerpania na kartách dashboardu pod 20% prahovú hodnotu a automatická ročná obnova 20-30% vyčerpaných banských parciel každý herný rok.;Grubenerschöpfungs-Lebenszyklus: Einlagenfortschrittsbalken mit grün/gelb/rot im Abbau-Einheit-Detail-Panel, Erschöpfungsrisiko-Badge auf Dashboard-Karten unter dem 20%-Schwellenwert und automatische jährliche Wiederauffüllung von 20-30% der erschöpften Grubengrundstücke jedes Spieljahr.
50fd067f-beac-452f-916a-177b193f1537;2026-05-04T18:52:00Z;NPC bot console application added: autonomous game-account runner that registers bot accounts, completes the full onboarding flow, and tracks per-bot net-worth profitability across game ticks.;Pridana konzolova aplikacia NPC botov: autonomny runner hernych uctov, ktory registruje botove ucty, dokoncuje cely onboardingovy postup a sleduje ziskovost cistej hodnoty kazdého bota napriec hernymi tikmi.;NPC-Bot-Konsolenanwendung hinzugefügt: autonomer Spielkonto-Runner, der Bot-Konten registriert, den vollständigen Onboarding-Ablauf durchführt und die Nettovermögens-Profitabilität je Bot über Spielticks hinweg verfolgt.
72edb693-6fe8-4f15-a36e-f74922c5b87b;2026-05-05T00:21:00Z;NPC bot rankings integration: bots now track their competitive leaderboard position each tick and report it in the periodic status log alongside net worth and profitability.;Integrácia rebríčka NPC botov: boty teraz sledujú svoje konkurenčné umiestnenie v rebríčku každý tik a hlásia ho v periodickom stavovom logu spolu s čistou hodnotou a ziskovosťou.;NPC-Bot-Ranking-Integration: Bots verfolgen jetzt ihre kompetitive Leaderboard-Position jeden Tick und melden sie im periodischen Status-Log zusammen mit Nettovermögen und Rentabilität.
841c7dc8-064c-4eff-afc6-cc72ca8725e9;2026-05-05T01:31:00Z;NPC bot test coverage increased to 554 tests: added edge-case orchestrator tests for zero-bot roster, rank tracking across consecutive ticks, rank clearing when bots drop from leaderboard, and net-worth update verification.;Testovanie NPC botov rozsírené na 554 testov: pridané hraničné testy orchestrátora pre prázdny zoznam botov, sledovanie poradia naprieč po sebe idúcimi tikmi, vymazávanie poradia keď bot vypadne z rebríčka a overovanie aktualizácie čistej hodnoty.;NPC-Bot-Testabdeckung auf 554 Tests erhöht: neue Grenzfall-Orchestrator-Tests für leeres Bot-Roster, Rang-Tracking über aufeinanderfolgende Ticks, Rang-Löschen wenn Bots aus der Bestenliste fallen und Überprüfung der Nettovermögens-Aktualisierung.
f3a8b2c1-9d4e-4f5a-8b7c-6e1a2b3c4d5e;2026-05-05T02:41:00Z;NPC bot test coverage increased to 613 tests: added gap coverage tests for GraphQL parser robustness (non-string error codes handled defensively), price-adjustment resilience to GraphQL-level errors, MinTicksBeforeAdjustment=0 edge case, stale-threshold edge cases, and multi-company net-worth summation in the orchestrator.;Testovanie NPC botov rozsírené na 613 testov: pridané testy odolnosti GraphQL parsera (nebezpečné kódy chýb spracované defenzívne), odolnosti úpravy cien voči chybám na úrovni GraphQL, hraničného prípadu MinTicksBeforeAdjustment=0, hraničných prípadov prahu stagnácie a súčtu čistej hodnoty viacerých spoločností v orchestrátore.;NPC-Bot-Testabdeckung auf 613 Tests erhöht: Lückentests für GraphQL-Parser-Robustheit (nicht-String-Fehlercodes defensiv behandelt), Preisanpassungsresilienz gegen GraphQL-Fehler, MinTicksBeforeAdjustment=0-Grenzfall, Stale-Threshold-Grenzfälle und Multi-Company-Nettovermögens-Summierung im Orchestrator.
80f9f699-e065-40d7-926a-1e646d299a70;2026-05-07T08:30:00Z;Copy/paste unit configuration in building edit mode: press Ctrl+C on a selected unit to copy its configuration to clipboard and Ctrl+V to paste it onto another unit of the same type or onto an empty slot to place and configure it in one step.;Kopírovanie/vkladanie konfigurácie jednotky v režime úprav budovy: stlačením Ctrl+C na vybranej jednotke skopírujete jej konfiguráciu do schránky a Ctrl+V ju vložíte na inú jednotku rovnakého typu alebo na prázdny slot, kde jednotku umiestni a nakonfiguruje naraz.;Konfiguration kopieren/einfügen im Gebäude-Bearbeitungsmodus: Drücken Sie Strg+C auf einer ausgewählten Einheit, um deren Konfiguration in die Zwischenablage zu kopieren, und Strg+V, um sie in eine andere Einheit desselben Typs oder in einen leeren Slot einzufügen, wo sie die Einheit in einem Schritt platziert und konfiguriert.
166fdf7e-10a6-492d-8d25-4d50637a17bd;2026-05-07T11:24:58Z;Responsive layouts were improved for phones through 4K screens with mobile-safe tabs, city-map bottom drawer behavior, scrollable building grids, and sticky first columns in finance tables.;Responzívne rozloženia boli vylepšené pre telefóny až po 4K obrazovky s mobilne bezpečnými kartami, spodným drawer panelom na mape mesta, horizontálne posúvateľnou mriežkou budovy a lepiacim prvým stĺpcom vo finančných tabuľkách.;Responsive Layouts wurden für Telefone bis 4K-Bildschirme verbessert – mit mobilfreundlichen Tabs, Bottom-Drawer-Verhalten in der Stadtkarte, horizontal scrollbareren Gebäude-Rastern und fixierter erster Spalte in Finanztabellen.
19ee6c33-c3f1-42df-a4b0-2a9a057ffc97;2026-05-08T09:49:36Z;Building destruction workflow is now available in Sell Building with an 80% refund preview and confirmation, unpaid collateral sales cannot be cancelled, and foreclosure sale/destruction debt settlement now respects building and loan currencies with automatic FX conversion.;Workflow zničenia budovy je teraz dostupný v Predaji budovy s náhľadom 80 % refundácie a potvrdením, predaj kolaterálu pri nesplatenej pôžičke nemožno zrušiť a vyrovnanie dlhu pri exekučnom predaji/zničení teraz rešpektuje menu budovy aj pôžičky s automatickou FX konverziou.;Der Gebäudezerstörungs-Workflow ist jetzt in „Gebäude verkaufen“ mit 80-%-Rückerstattungs-Vorschau und Bestätigung verfügbar, unbezahlte Sicherheitenverkäufe können nicht storniert werden, und die Schuldenabwicklung bei Zwangsverkauf/-zerstörung berücksichtigt nun Gebäude- und Kreditwährungen mit automatischer FX-Umrechnung.

1a82d49e-505c-4c4a-8657-87b154e12e9b;2026-05-08T12:20:33Z;Building sell flow now uses a full market valuation breakdown (land, structure, units) with enforced 70% minimum listing price, cleaner unit tab borders/spacing, purchase sourcing history in basic edit info, and improved bank customer panel layout.;Predaj budovy teraz používa plný rozpis trhovej hodnoty (pozemok, stavba, jednotky) s vynútenou minimálnou cenou inzerátu 70 %, čistejšími okrajmi/rozostupmi kariet jednotiek, históriou nákupného sourcingu v základných úpravách a vylepšeným rozložením bankového zákazníckeho panela.;Der Gebäudeverkauf nutzt jetzt eine vollständige Marktwert-Aufschlüsselung (Grundstück, Struktur, Einheiten) mit erzwungenem Mindestangebotspreis von 70 %, saubereren Tab-Rändern/Abständen bei Einheiten, Beschaffungshistorie in den Basisbearbeitungsinfos und verbessertem Layout im Bankkundenbereich.a3f2e1d0-9b8c-4f7e-a1b2-c3d4e5f60718;2026-05-08T13:30:00Z;Password-based login is now opt-in via AUTH_PASSWORD_ENABLED config (off by default); when only OIDC is enabled the login page auto-redirects. Players can generate named API keys for bot automation; keys authenticate via Authorization: ApiKey header and are tracked with usage stats in the admin section.;Prihlasovanie heslom je teraz voliteľné cez konfiguráciu AUTH_PASSWORD_ENABLED (predvolene vypnuté); keď je povolené len OIDC, stránka prihlásenia automaticky presmeruje. Hráči môžu generovať pomenované API kľúče pre automatizáciu botov; kľúče sa overujú cez hlavičku Authorization: ApiKey a ich použitie sa sleduje v sekcii správy.;Passwort-basiertes Login ist jetzt über AUTH_PASSWORD_ENABLED konfigurierbar (standardmäßig deaktiviert); wenn nur OIDC aktiviert ist, leitet die Login-Seite automatisch weiter. Spieler können benannte API-Schlüssel für Bot-Automatisierung generieren; Schlüssel authentifizieren sich per Authorization: ApiKey-Header und Nutzungsstatistiken sind im Admin-Bereich sichtbar.
b79ec08a-c27c-4838-b6a8-68f7dd5a2714;2026-05-09T01:23:43Z;FX transfer now shows a clean success state without false positive amount errors, and deposit interest payments are now clearly visible per tick in both bank statements and the personal ledger with dedicated interest entries.;FX prevod teraz po úspechu zobrazí čistý stav bez falošnej chyby sumy a úrokové platby z vkladov sú teraz jasne viditeľné v každom ticku v bankovom výpise aj v osobnej knihe cez samostatné úrokové položky.;FX-Überweisungen zeigen nach Erfolg jetzt einen sauberen Status ohne falsche Betragsfehler, und Einlagenzinszahlungen sind pro Tick sowohl im Kontoauszug als auch im persönlichen Hauptbuch mit eigenen Zinseinträgen klar sichtbar.
779ac07c-51cc-424f-af6d-a3866265e41e;2026-05-09T05:34:22Z;Stock Exchange now supports limit orders with tick-based matching, visible order-book depth, cancelable open orders, and recent trade history in the market view.;Burza akcií teraz podporuje limitné príkazy s párovaním po tickoch, viditeľnou hĺbkou knihy príkazov, rušením otvorených príkazov a históriou posledných obchodov v trhovom zobrazení.;Die Aktienbörse unterstützt jetzt Limit-Orders mit tickbasiertem Matching, sichtbarer Orderbuchtiefe, stornierbaren offenen Orders und einer Historie der letzten Trades in der Marktansicht.

142c551f-c9cf-4e9b-b44e-1ba78179b723;2026-05-09T07:19:46Z;Stock Exchange dividend governance is now live: majority shareholders can propose per-share payouts, open 10-tick weighted voting windows, notify shareholders, and settle approved/rejected outcomes with payout history and UI vote tracking.;Dividendove riadenie na burze je teraz spustene: vacsinovi akcionari mozu navrhnut vyplatu na akciu, otvorit 10-tickove vazene hlasovanie, upozornit akcionarov a vysporiadat schvalene alebo zamietnute vysledky s historiou vyplat a sledovanim hlasov v UI.;Dividend-Governance an der Aktienbörse ist jetzt live: Mehrheitsaktionäre können Ausschüttungen pro Aktie vorschlagen, 10-Tick-gewichtete Abstimmungsfenster öffnen, Aktionäre benachrichtigen und genehmigte/abgelehnte Ergebnisse mit Auszahlungshistorie und Stimmen-Tracking im UI abwickeln.
e8b21f3a-9c7d-4b56-a123-fedcba987654;2026-05-11T11:23:35Z;Security hardening: building, banking, lending, and stock mutations now return a uniform opaque error for unauthorized probes, preventing foreign-object enumeration through distinct error codes.;Bezpecnostne spevnenie: mutacie budov, bankovnictva, poziciek a akcii teraz vracaju jednotnu nepriehlyadnu chybu pre neautorizovane sondy, cim sa brani enumeracii cudzich objektov prostrednictvom rozlisnych kodov chyb.;Sicherheitshärtung: Building-, Banking-, Lending- und Stock-Mutationen geben jetzt bei unbefugten Abfragen einen einheitlichen opaken Fehler zurück und verhindern so die Aufzählung fremder Objekte über unterschiedliche Fehlercodes.
c6d6f58b-73b1-43ba-a5f4-7d72a74a3ab0;2026-05-11T12:55:24Z;Security CI now includes an automated GraphQL surface inventory gate that reports sensitive API operations and blocks PRs when newly added finance/shareholder/ranking/lending/admin operations miss auth-coverage tests.;Security CI teraz obsahuje automatizovanu branu inventara GraphQL povrchu, ktora reportuje citlive API operacie a blokuje PR, ked novo pridane finance/shareholder/ranking/lending/admin operacie nemaju testy auth pokrytia.;Security CI enthält jetzt ein automatisiertes GraphQL-Surface-Inventory-Gate, das sensible API-Operationen meldet und PRs blockiert, wenn neu hinzugefügte Finance-/Shareholder-/Ranking-/Lending-/Admin-Operationen keine Auth-Abdeckungstests haben.
01552855-e321-4938-8e72-d97e039ef74d;2026-05-12T01:24:56Z;GraphQL request hardening now enforces depth and complexity budgets with configurable limits, weighted cost analysis, and production introspection lock-down across both game and master APIs.;Hardening GraphQL požiadaviek teraz vynucuje rozpočty hĺbky a komplexity s konfigurovateľnými limitmi, váženou cost analýzou a uzamknutím introspekcie v produkcii naprieč game aj master API.;Die Härtung von GraphQL-Anfragen erzwingt jetzt Tiefen- und Komplexitätsbudgets mit konfigurierbaren Limits, gewichteter Kostenanalyse und produktionsseitiger Introspektionssperre in Game- und Master-API.
f4c83a2e-6d17-4e89-b5a9-12c3456789ab;2026-05-12T02:15:00Z;Chat spam protection is now active: messages are limited to 500 characters and a maximum of 20 messages per minute per player, with a character counter in the chat input and non-intrusive error feedback.;Ochrana chatu pred spamom je teraz aktívna: správy sú obmedzené na 500 znakov a maximum 20 správ za minútu na hráča, s počítadlom znakov v chatovom vstupe a nenápadnou spätnou väzbou pri chybách.;Chat-Spam-Schutz ist jetzt aktiv: Nachrichten sind auf 500 Zeichen und maximal 20 Nachrichten pro Minute pro Spieler begrenzt, mit einem Zeichenzähler im Chat-Eingabefeld und unauffälligem Fehler-Feedback.
e3c7ddd1-d6e6-4188-90d9-9d85f678bd03;2026-05-12T03:56:30Z;CORS hardening now allows AllowAnyOrigin only in Development for Api and MasterApi, rejects all cross-origin requests when production origins are missing, and adds tests plus roadmap completion.;CORS hardening teraz povoľuje AllowAnyOrigin len v režime Development pre Api aj MasterApi, pri chýbajúcich produkčných originách zamieta všetky cross-origin požiadavky a pridáva testy aj dokončenie roadmapy.;CORS-Härtung erlaubt AllowAnyOrigin jetzt nur noch in Development für Api und MasterApi, weist alle Cross-Origin-Anfragen bei fehlenden Produktions-Origins zurück und ergänzt Tests sowie den abgeschlossenen Roadmap-Punkt.
d0aa4880-78ce-4497-ac87-eb7e1c32cd3d;2026-05-12T04:45:09Z;Frontend production security headers are hardened with HSTS and a strict CSP script policy that whitelists only the required theme bootstrap hash instead of unsafe-inline.;Produkčné bezpečnostné hlavičky frontendu sú spevnené o HSTS a prísnu CSP politiku pre skripty, ktorá povoľuje iba potrebný hash bootstrapu témy namiesto unsafe-inline.;Die Produktions-Sicherheitsheader des Frontends wurden mit HSTS und einer strikten CSP-Skriptpolitik gehärtet, die statt unsafe-inline nur den benötigten Hash des Theme-Bootstraps erlaubt.

18331198-f34f-4c2c-adab-bb09512bc1b1;2026-05-12T05:25:54Z;Added secure email password recovery with one-hour single-use reset tokens, neutral forgot-password responses, and OIDC-only guidance in login and profile screens.;Pridaná bezpečná e-mailová obnova hesla s jednorazovými reset tokenmi na jednu hodinu, neutrálnou odpoveďou pre zabudnuté heslo a OIDC usmernením na obrazovkách prihlásenia a profilu.;Sichere E-Mail-Passwortwiederherstellung mit einmaligen Reset-Tokens für eine Stunde, neutraler Forgot-Password-Antwort und OIDC-Hinweisen in Login- und Profilansichten wurde hinzugefügt.
e0d2b63a-6f2d-4a4d-a17f-8761f937547f;2026-05-12T09:03:21Z;Master-server HTTP client TLS hardening now enforces certificate validation outside Development and limits self-signed certificate bypass to Development only.;TLS hardening HTTP klienta pre master-server teraz vynucuje validáciu certifikátu mimo Development a obmedzuje bypass self-signed certifikátov iba na Development.;TLS-Härtung des Master-Server-HTTP-Clients erzwingt die Zertifikatsprüfung außerhalb von Development und beschränkt den Self-Signed-Zertifikat-Bypass ausschließlich auf Development.
b4f21c8e-9a3d-4f7a-bc11-d3e9a5f6c012;2026-05-12T11:43:54Z;Building Unit Grid Configuration System is complete: players can now configure interactive production-unit grids inside Mine, Factory, Sales Shop, and R&D buildings with full tick-engine integration.;Systém konfigurácie mriežky výrobných jednotiek je dokončený: hráči môžu konfigurovať interaktívne produkčné mriežky v banských, továrňových, predajných a výskumných budovách s plnou integráciou tick enginu.;Das Gebäude-Einheits-Rastersystem ist vollständig: Spieler können interaktive Produktionseinheits-Raster in Minen, Fabriken, Verkaufsläden und F&E-Gebäuden mit vollständiger Tick-Engine-Integration konfigurieren.
ec79e66f-1bdf-43fd-97dd-42dea1659e9e;2026-05-12T12:43:55Z;Consumer Demand & Price Elasticity Engine is live: NPC consumers now purchase from public sales units each tick, market clearing prices are tracked, and the new Market Dashboard at /market shows live demand and satisfaction rates for all cities.;Engine spotrebiteľského dopytu a cenovej elasticity je aktívny: NPC spotrebitelia teraz nakupujú z predajných jednotiek každý tik, sledujú sa trhové zúčtovacie ceny a nový prehľad trhu na /market zobrazuje živý dopyt a miery uspokojenia pre všetky mestá.;Der Verbrauchernachfrage- und Preiselastizitäts-Motor ist live: NPC-Verbraucher kaufen jetzt jedes Tick aus öffentlichen Verkaufseinheiten, Markt-Clearingpreise werden verfolgt und das neue Markt-Dashboard unter /market zeigt Live-Nachfrage und Sättigungsraten für alle Städte.
5fd90352-7ec9-4f31-a7f9-6f21e10b2f42;2026-05-12T18:43:03Z;Stock exchange takeovers now use an explicit Replace CEO confirmation flow, and the stock market is also available on the new /stock-exchange route.;Prevzatia na burze teraz používajú explicitný potvrdzovací tok Vymeniť CEO a akciový trh je dostupný aj na novej trase /stock-exchange.;Übernahmen an der Börse nutzen jetzt einen expliziten Bestätigungsablauf CEO ersetzen, und der Aktienmarkt ist zusätzlich über die neue Route /stock-exchange verfügbar.
a1b2c3d4-e5f6-7890-abcd-ef1234567890;2026-05-13T07:34:43Z;Apartment & Commercial Building Rental Income System is live: set rent per m², occupancy calculated each tick, RENTAL_INCOME credited to company bank account, sparkline and ledger drilldown included.;Systém nájomného príjmu pre bytové a komerčné budovy je spustený: nastavte nájomné za m², obsadenosť vypočítaná každý tick, RENTAL_INCOME pripísaný na bankový účet spoločnosti, sparkline a drilldown v účtovnej knihe sú zahrnuté.;Das Mietertrags-System für Wohn- und Gewerbegebäude ist live: Miete pro m² festlegen, Belegungsrate je Tick berechnet, RENTAL_INCOME dem Unternehmenskonto gutgeschrieben, Sparkline und Ledger-Drilldown enthalten.
